feature_set,fold,model,strategy,threshold,recall,precision,f1,roc_auc,pr_auc
top30_full,1,Logistic,weighted,0.2,0.9523809523809523,0.2702702702702703,0.42105263157894735,0.8520537986186841,0.42388873454805925
top30_full,1,Logistic,weighted,0.25,0.8809523809523809,0.29365079365079366,0.44047619047619047,0.8520537986186841,0.42388873454805925
top30_full,1,Logistic,weighted,0.3,0.8571428571428571,0.32432432432432434,0.47058823529411764,0.8520537986186841,0.42388873454805925
top30_full,1,Logistic,weighted,0.35,0.8333333333333334,0.3431372549019608,0.4861111111111111,0.8520537986186841,0.42388873454805925
top30_full,1,Logistic,weighted,0.4,0.8095238095238095,0.3617021276595745,0.5,0.8520537986186841,0.42388873454805925
top30_full,1,Logistic,weighted,0.45,0.7380952380952381,0.3563218390804598,0.4806201550387597,0.8520537986186841,0.42388873454805925
top30_full,1,Logistic,weighted,0.5,0.7142857142857143,0.37037037037037035,0.4878048780487805,0.8520537986186841,0.42388873454805925
top30_full,1,Logistic,smote,0.2,0.9285714285714286,0.291044776119403,0.4431818181818182,0.8510541621228644,0.45747535263692307
top30_full,1,Logistic,smote,0.25,0.9047619047619048,0.31932773109243695,0.4720496894409938,0.8510541621228644,0.45747535263692307
top30_full,1,Logistic,smote,0.3,0.8095238095238095,0.32075471698113206,0.4594594594594595,0.8510541621228644,0.45747535263692307
top30_full,1,Logistic,smote,0.35,0.7619047619047619,0.3368421052631579,0.46715328467153283,0.8510541621228644,0.45747535263692307
top30_full,1,Logistic,smote,0.4,0.7380952380952381,0.36046511627906974,0.484375,0.8510541621228644,0.45747535263692307
top30_full,1,Logistic,smote,0.45,0.6904761904761905,0.3625,0.47540983606557374,0.8510541621228644,0.45747535263692307
top30_full,1,Logistic,smote,0.5,0.6428571428571429,0.36,0.46153846153846156,0.8510541621228644,0.45747535263692307
top30_full,1,Tree,weighted,0.2,0.9047619047619048,0.20430107526881722,0.3333333333333333,0.788576881134133,0.37142016177282056
top30_full,1,Tree,weighted,0.25,0.8571428571428571,0.23225806451612904,0.36548223350253806,0.788576881134133,0.37142016177282056
top30_full,1,Tree,weighted,0.3,0.8095238095238095,0.27419354838709675,0.40963855421686746,0.788576881134133,0.37142016177282056
top30_full,1,Tree,weighted,0.35,0.8095238095238095,0.27419354838709675,0.40963855421686746,0.788576881134133,0.37142016177282056
top30_full,1,Tree,weighted,0.4,0.7857142857142857,0.2796610169491525,0.4125,0.788576881134133,0.37142016177282056
top30_full,1,Tree,weighted,0.45,0.7619047619047619,0.2857142857142857,0.4155844155844156,0.788576881134133,0.37142016177282056
top30_full,1,Tree,weighted,0.5,0.7380952380952381,0.27927927927927926,0.40522875816993464,0.788576881134133,0.37142016177282056
top30_full,1,Tree,smote,0.2,0.8095238095238095,0.23129251700680273,0.35978835978835977,0.6965194474736459,0.2324279259587773
top30_full,1,Tree,smote,0.25,0.6904761904761905,0.2196969696969697,0.3333333333333333,0.6965194474736459,0.2324279259587773
top30_full,1,Tree,smote,0.3,0.5476190476190477,0.23469387755102042,0.32857142857142857,0.6965194474736459,0.2324279259587773
top30_full,1,Tree,smote,0.35,0.5476190476190477,0.23958333333333334,0.3333333333333333,0.6965194474736459,0.2324279259587773
top30_full,1,Tree,smote,0.4,0.5,0.25609756097560976,0.3387096774193548,0.6965194474736459,0.2324279259587773
top30_full,1,Tree,smote,0.45,0.5,0.25609756097560976,0.3387096774193548,0.6965194474736459,0.2324279259587773
top30_full,1,Tree,smote,0.5,0.5,0.25609756097560976,0.3387096774193548,0.6965194474736459,0.2324279259587773
top30_full,1,RandomForest,weighted,0.2,0.9285714285714286,0.1902439024390244,0.3157894736842105,0.8181570338058888,0.4582330047081341
top30_full,1,RandomForest,weighted,0.25,0.9047619047619048,0.20652173913043478,0.336283185840708,0.8181570338058888,0.4582330047081341
top30_full,1,RandomForest,weighted,0.3,0.8809523809523809,0.22839506172839505,0.3627450980392157,0.8181570338058888,0.4582330047081341
top30_full,1,RandomForest,weighted,0.35,0.8809523809523809,0.26618705035971224,0.4088397790055249,0.8181570338058888,0.4582330047081341
top30_full,1,RandomForest,weighted,0.4,0.8333333333333334,0.30434782608695654,0.445859872611465,0.8181570338058888,0.4582330047081341
top30_full,1,RandomForest,weighted,0.45,0.7619047619047619,0.32653061224489793,0.45714285714285713,0.8181570338058888,0.4582330047081341
top30_full,1,RandomForest,weighted,0.5,0.6666666666666666,0.358974358974359,0.4666666666666667,0.8181570338058888,0.4582330047081341
top30_full,1,RandomForest,smote,0.2,0.9047619047619048,0.2122905027932961,0.3438914027149321,0.7909850963286078,0.42913923810415094
top30_full,1,RandomForest,smote,0.25,0.8333333333333334,0.22727272727272727,0.35714285714285715,0.7909850963286078,0.42913923810415094
top30_full,1,RandomForest,smote,0.3,0.7857142857142857,0.2578125,0.38823529411764707,0.7909850963286078,0.42913923810415094
top30_full,1,RandomForest,smote,0.35,0.7380952380952381,0.28440366972477066,0.4105960264900662,0.7909850963286078,0.42913923810415094
top30_full,1,RandomForest,smote,0.4,0.6428571428571429,0.3,0.4090909090909091,0.7909850963286078,0.42913923810415094
top30_full,1,RandomForest,smote,0.45,0.6190476190476191,0.34210526315789475,0.4406779661016949,0.7909850963286078,0.42913923810415094
top30_full,1,RandomForest,smote,0.5,0.47619047619047616,0.37735849056603776,0.42105263157894735,0.7909850963286078,0.42913923810415094
top30_full,1,XGBoost,weighted,0.2,0.7857142857142857,0.4074074074074074,0.5365853658536586,0.8787713558705925,0.48542122240162244
top30_full,1,XGBoost,weighted,0.25,0.7619047619047619,0.4383561643835616,0.5565217391304348,0.8787713558705925,0.48542122240162244
top30_full,1,XGBoost,weighted,0.3,0.6190476190476191,0.43333333333333335,0.5098039215686274,0.8787713558705925,0.48542122240162244
top30_full,1,XGBoost,weighted,0.35,0.6190476190476191,0.45614035087719296,0.5252525252525253,0.8787713558705925,0.48542122240162244
top30_full,1,XGBoost,weighted,0.4,0.5952380952380952,0.46296296296296297,0.5208333333333334,0.8787713558705925,0.48542122240162244
top30_full,1,XGBoost,weighted,0.45,0.47619047619047616,0.4166666666666667,0.4444444444444444,0.8787713558705925,0.48542122240162244
top30_full,1,XGBoost,weighted,0.5,0.40476190476190477,0.40476190476190477,0.40476190476190477,0.8787713558705925,0.48542122240162244
top30_full,1,XGBoost,smote,0.2,0.5714285714285714,0.4444444444444444,0.5,0.8760450745183569,0.5099110403733875
top30_full,1,XGBoost,smote,0.25,0.5476190476190477,0.46,0.5,0.8760450745183569,0.5099110403733875
top30_full,1,XGBoost,smote,0.3,0.47619047619047616,0.46511627906976744,0.47058823529411764,0.8760450745183569,0.5099110403733875
top30_full,1,XGBoost,smote,0.35,0.40476190476190477,0.4722222222222222,0.4358974358974359,0.8760450745183569,0.5099110403733875
top30_full,1,XGBoost,smote,0.4,0.38095238095238093,0.48484848484848486,0.4266666666666667,0.8760450745183569,0.5099110403733875
top30_full,1,XGBoost,smote,0.45,0.3333333333333333,0.4666666666666667,0.3888888888888889,0.8760450745183569,0.5099110403733875
top30_full,1,XGBoost,smote,0.5,0.2857142857142857,0.42857142857142855,0.34285714285714286,0.8760450745183569,0.5099110403733875
top30_full,1,LightGBM,weighted,0.2,0.7619047619047619,0.38095238095238093,0.5079365079365079,0.8655943293347874,0.502757170021282
top30_full,1,LightGBM,weighted,0.25,0.7380952380952381,0.4025974025974026,0.5210084033613446,0.8655943293347874,0.502757170021282
top30_full,1,LightGBM,weighted,0.3,0.7142857142857143,0.4225352112676056,0.5309734513274337,0.8655943293347874,0.502757170021282
top30_full,1,LightGBM,weighted,0.35,0.6428571428571429,0.4153846153846154,0.5046728971962616,0.8655943293347874,0.502757170021282
top30_full,1,LightGBM,weighted,0.4,0.5714285714285714,0.39344262295081966,0.46601941747572817,0.8655943293347874,0.502757170021282
top30_full,1,LightGBM,weighted,0.45,0.5714285714285714,0.4067796610169492,0.4752475247524752,0.8655943293347874,0.502757170021282
top30_full,1,LightGBM,weighted,0.5,0.5238095238095238,0.41509433962264153,0.4631578947368421,0.8655943293347874,0.502757170021282
top30_full,1,LightGBM,smote,0.2,0.6666666666666666,0.4375,0.5283018867924528,0.8785896037804434,0.49099840916616144
top30_full,1,LightGBM,smote,0.25,0.5714285714285714,0.42857142857142855,0.4897959183673469,0.8785896037804434,0.49099840916616144
top30_full,1,LightGBM,smote,0.3,0.5,0.44680851063829785,0.47191011235955055,0.8785896037804434,0.49099840916616144
top30_full,1,LightGBM,smote,0.35,0.4523809523809524,0.4523809523809524,0.4523809523809524,0.8785896037804434,0.49099840916616144
top30_full,1,LightGBM,smote,0.4,0.40476190476190477,0.4473684210526316,0.425,0.8785896037804434,0.49099840916616144
top30_full,1,LightGBM,smote,0.45,0.38095238095238093,0.45714285714285713,0.4155844155844156,0.8785896037804434,0.49099840916616144
top30_full,1,LightGBM,smote,0.5,0.38095238095238093,0.48484848484848486,0.4266666666666667,0.8785896037804434,0.49099840916616144
top30_full,2,Logistic,weighted,0.2,0.9523809523809523,0.27586206896551724,0.42780748663101603,0.8864958197019266,0.5913133169860263
top30_full,2,Logistic,weighted,0.25,0.9047619047619048,0.29457364341085274,0.4444444444444444,0.8864958197019266,0.5913133169860263
top30_full,2,Logistic,weighted,0.3,0.8809523809523809,0.3135593220338983,0.4625,0.8864958197019266,0.5913133169860263
top30_full,2,Logistic,weighted,0.35,0.8809523809523809,0.33035714285714285,0.4805194805194805,0.8864958197019266,0.5913133169860263
top30_full,2,Logistic,weighted,0.4,0.8809523809523809,0.3557692307692308,0.5068493150684932,0.8864958197019266,0.5913133169860263
top30_full,2,Logistic,weighted,0.45,0.8571428571428571,0.3673469387755102,0.5142857142857142,0.8864958197019266,0.5913133169860263
top30_full,2,Logistic,weighted,0.5,0.7857142857142857,0.38372093023255816,0.515625,0.8864958197019266,0.5913133169860263
top30_full,2,Logistic,smote,0.2,0.9523809523809523,0.29850746268656714,0.45454545454545453,0.903217011995638,0.6358957673536354
top30_full,2,Logistic,smote,0.25,0.9047619047619048,0.3114754098360656,0.4634146341463415,0.903217011995638,0.6358957673536354
top30_full,2,Logistic,smote,0.3,0.9047619047619048,0.33043478260869563,0.4840764331210191,0.903217011995638,0.6358957673536354
top30_full,2,Logistic,smote,0.35,0.9047619047619048,0.3584905660377358,0.5135135135135135,0.903217011995638,0.6358957673536354
top30_full,2,Logistic,smote,0.4,0.8809523809523809,0.37373737373737376,0.524822695035461,0.903217011995638,0.6358957673536354
top30_full,2,Logistic,smote,0.45,0.8571428571428571,0.375,0.5217391304347826,0.903217011995638,0.6358957673536354
top30_full,2,Logistic,smote,0.5,0.8095238095238095,0.3953488372093023,0.53125,0.903217011995638,0.6358957673536354
top30_full,2,Tree,weighted,0.2,0.9047619047619048,0.2585034013605442,0.4021164021164021,0.8372864412940748,0.48125650643006923
top30_full,2,Tree,weighted,0.25,0.8333333333333334,0.24822695035460993,0.3825136612021858,0.8372864412940748,0.48125650643006923
top30_full,2,Tree,weighted,0.3,0.8333333333333334,0.24822695035460993,0.3825136612021858,0.8372864412940748,0.48125650643006923
top30_full,2,Tree,weighted,0.35,0.8095238095238095,0.2518518518518518,0.384180790960452,0.8372864412940748,0.48125650643006923
top30_full,2,Tree,weighted,0.4,0.7619047619047619,0.32,0.4507042253521127,0.8372864412940748,0.48125650643006923
top30_full,2,Tree,weighted,0.45,0.7619047619047619,0.32989690721649484,0.460431654676259,0.8372864412940748,0.48125650643006923
top30_full,2,Tree,weighted,0.5,0.7619047619047619,0.32989690721649484,0.460431654676259,0.8372864412940748,0.48125650643006923
top30_full,2,Tree,smote,0.2,0.6190476190476191,0.2857142857142857,0.39097744360902253,0.7465921483097055,0.31722789629413894
top30_full,2,Tree,smote,0.25,0.6190476190476191,0.2857142857142857,0.39097744360902253,0.7465921483097055,0.31722789629413894
top30_full,2,Tree,smote,0.3,0.6190476190476191,0.2857142857142857,0.39097744360902253,0.7465921483097055,0.31722789629413894
top30_full,2,Tree,smote,0.35,0.6190476190476191,0.2857142857142857,0.39097744360902253,0.7465921483097055,0.31722789629413894
top30_full,2,Tree,smote,0.4,0.5952380952380952,0.28735632183908044,0.3875968992248062,0.7465921483097055,0.31722789629413894
top30_full,2,Tree,smote,0.45,0.42857142857142855,0.3,0.35294117647058826,0.7465921483097055,0.31722789629413894
top30_full,2,Tree,smote,0.5,0.40476190476190477,0.3090909090909091,0.35051546391752575,0.7465921483097055,0.31722789629413894
top30_full,2,RandomForest,weighted,0.2,0.9761904761904762,0.22162162162162163,0.36123348017621143,0.8690476190476191,0.5012145989780284
top30_full,2,RandomForest,weighted,0.25,0.9523809523809523,0.24096385542168675,0.38461538461538464,0.8690476190476191,0.5012145989780284
top30_full,2,RandomForest,weighted,0.3,0.9285714285714286,0.2708333333333333,0.41935483870967744,0.8690476190476191,0.5012145989780284
top30_full,2,RandomForest,weighted,0.35,0.8809523809523809,0.30327868852459017,0.45121951219512196,0.8690476190476191,0.5012145989780284
top30_full,2,RandomForest,weighted,0.4,0.8571428571428571,0.3364485981308411,0.48322147651006714,0.8690476190476191,0.5012145989780284
top30_full,2,RandomForest,weighted,0.45,0.7857142857142857,0.375,0.5076923076923077,0.8690476190476191,0.5012145989780284
top30_full,2,RandomForest,weighted,0.5,0.7380952380952381,0.44285714285714284,0.5535714285714286,0.8690476190476191,0.5012145989780284
top30_full,2,RandomForest,smote,0.2,0.9523809523809523,0.25806451612903225,0.40609137055837563,0.8626862958924028,0.4579524971942852
top30_full,2,RandomForest,smote,0.25,0.8571428571428571,0.2748091603053435,0.4161849710982659,0.8626862958924028,0.4579524971942852
top30_full,2,RandomForest,smote,0.3,0.8333333333333334,0.30701754385964913,0.44871794871794873,0.8626862958924028,0.4579524971942852
top30_full,2,RandomForest,smote,0.35,0.8095238095238095,0.3434343434343434,0.48226950354609927,0.8626862958924028,0.4579524971942852
top30_full,2,RandomForest,smote,0.4,0.8095238095238095,0.39080459770114945,0.5271317829457365,0.8626862958924028,0.4579524971942852
top30_full,2,RandomForest,smote,0.45,0.7380952380952381,0.4246575342465753,0.5391304347826087,0.8626862958924028,0.4579524971942852
top30_full,2,RandomForest,smote,0.5,0.6190476190476191,0.48148148148148145,0.5416666666666666,0.8626862958924028,0.4579524971942852
top30_full,2,XGBoost,weighted,0.2,0.8095238095238095,0.41975308641975306,0.5528455284552846,0.898854961832061,0.6013362356039142
top30_full,2,XGBoost,weighted,0.25,0.7142857142857143,0.4411764705882353,0.5454545454545454,0.898854961832061,0.6013362356039142
top30_full,2,XGBoost,weighted,0.3,0.6904761904761905,0.47540983606557374,0.5631067961165048,0.898854961832061,0.6013362356039142
top30_full,2,XGBoost,weighted,0.35,0.6904761904761905,0.5370370370370371,0.6041666666666666,0.898854961832061,0.6013362356039142
top30_full,2,XGBoost,weighted,0.4,0.6904761904761905,0.5576923076923077,0.6170212765957447,0.898854961832061,0.6013362356039142
top30_full,2,XGBoost,weighted,0.45,0.5952380952380952,0.5681818181818182,0.5813953488372093,0.898854961832061,0.6013362356039142
top30_full,2,XGBoost,weighted,0.5,0.5952380952380952,0.625,0.6097560975609756,0.898854961832061,0.6013362356039142
top30_full,2,XGBoost,smote,0.2,0.6666666666666666,0.56,0.6086956521739131,0.896037804434751,0.6059791857771197
top30_full,2,XGBoost,smote,0.25,0.6428571428571429,0.5869565217391305,0.6136363636363636,0.896037804434751,0.6059791857771197
top30_full,2,XGBoost,smote,0.3,0.5714285714285714,0.5853658536585366,0.5783132530120482,0.896037804434751,0.6059791857771197
top30_full,2,XGBoost,smote,0.35,0.5476190476190477,0.6052631578947368,0.575,0.896037804434751,0.6059791857771197
top30_full,2,XGBoost,smote,0.4,0.5,0.65625,0.5675675675675675,0.896037804434751,0.6059791857771197
top30_full,2,XGBoost,smote,0.45,0.42857142857142855,0.6428571428571429,0.5142857142857142,0.896037804434751,0.6059791857771197
top30_full,2,XGBoost,smote,0.5,0.40476190476190477,0.6296296296296297,0.4927536231884058,0.896037804434751,0.6059791857771197
top30_full,2,LightGBM,weighted,0.2,0.8095238095238095,0.4,0.5354330708661418,0.8893129770992367,0.6064922529833928
top30_full,2,LightGBM,weighted,0.25,0.7380952380952381,0.40789473684210525,0.5254237288135594,0.8893129770992367,0.6064922529833928
top30_full,2,LightGBM,weighted,0.3,0.7142857142857143,0.4411764705882353,0.5454545454545454,0.8893129770992367,0.6064922529833928
top30_full,2,LightGBM,weighted,0.35,0.6428571428571429,0.47368421052631576,0.5454545454545454,0.8893129770992367,0.6064922529833928
top30_full,2,LightGBM,weighted,0.4,0.6190476190476191,0.5098039215686274,0.5591397849462365,0.8893129770992367,0.6064922529833928
top30_full,2,LightGBM,weighted,0.45,0.6190476190476191,0.5531914893617021,0.5842696629213483,0.8893129770992367,0.6064922529833928
top30_full,2,LightGBM,weighted,0.5,0.6190476190476191,0.5777777777777777,0.5977011494252874,0.8893129770992367,0.6064922529833928
top30_full,2,LightGBM,smote,0.2,0.6904761904761905,0.4603174603174603,0.5523809523809524,0.888676844783715,0.5483150312134468
top30_full,2,LightGBM,smote,0.25,0.6428571428571429,0.5094339622641509,0.5684210526315789,0.888676844783715,0.5483150312134468
top30_full,2,LightGBM,smote,0.3,0.5952380952380952,0.5681818181818182,0.5813953488372093,0.888676844783715,0.5483150312134468
top30_full,2,LightGBM,smote,0.35,0.5714285714285714,0.5581395348837209,0.5647058823529412,0.888676844783715,0.5483150312134468
top30_full,2,LightGBM,smote,0.4,0.5238095238095238,0.5789473684210527,0.55,0.888676844783715,0.5483150312134468
top30_full,2,LightGBM,smote,0.45,0.47619047619047616,0.5882352941176471,0.5263157894736842,0.888676844783715,0.5483150312134468
top30_full,2,LightGBM,smote,0.5,0.42857142857142855,0.6666666666666666,0.5217391304347826,0.888676844783715,0.5483150312134468
top30_full,3,Logistic,weighted,0.2,0.8780487804878049,0.24324324324324326,0.38095238095238093,0.837925898342953,0.5531813940861899
top30_full,3,Logistic,weighted,0.25,0.8780487804878049,0.2647058823529412,0.4067796610169492,0.837925898342953,0.5531813940861899
top30_full,3,Logistic,weighted,0.3,0.8780487804878049,0.2857142857142857,0.4311377245508982,0.837925898342953,0.5531813940861899
top30_full,3,Logistic,weighted,0.35,0.8536585365853658,0.29914529914529914,0.4430379746835443,0.837925898342953,0.5531813940861899
top30_full,3,Logistic,weighted,0.4,0.8048780487804879,0.30275229357798167,0.44,0.837925898342953,0.5531813940861899
top30_full,3,Logistic,weighted,0.45,0.8048780487804879,0.33,0.46808510638297873,0.837925898342953,0.5531813940861899
top30_full,3,Logistic,weighted,0.5,0.7317073170731707,0.3333333333333333,0.4580152671755725,0.837925898342953,0.5531813940861899
top30_full,3,Logistic,smote,0.2,0.8536585365853658,0.25925925925925924,0.3977272727272727,0.8239620182461367,0.5319900264494731
top30_full,3,Logistic,smote,0.25,0.8536585365853658,0.28225806451612906,0.42424242424242425,0.8239620182461367,0.5319900264494731
top30_full,3,Logistic,smote,0.3,0.8292682926829268,0.2905982905982906,0.43037974683544306,0.8239620182461367,0.5319900264494731
top30_full,3,Logistic,smote,0.35,0.7560975609756098,0.2818181818181818,0.4105960264900662,0.8239620182461367,0.5319900264494731
top30_full,3,Logistic,smote,0.4,0.7317073170731707,0.2830188679245283,0.40816326530612246,0.8239620182461367,0.5319900264494731
top30_full,3,Logistic,smote,0.45,0.7317073170731707,0.30612244897959184,0.4316546762589928,0.8239620182461367,0.5319900264494731
top30_full,3,Logistic,smote,0.5,0.7073170731707317,0.32222222222222224,0.44274809160305345,0.8239620182461367,0.5319900264494731
top30_full,3,Tree,weighted,0.2,0.7804878048780488,0.23703703703703705,0.36363636363636365,0.7407838391361012,0.2946875451500136
top30_full,3,Tree,weighted,0.25,0.7804878048780488,0.23703703703703705,0.36363636363636365,0.7407838391361012,0.2946875451500136
top30_full,3,Tree,weighted,0.3,0.7560975609756098,0.2366412213740458,0.36046511627906974,0.7407838391361012,0.2946875451500136
top30_full,3,Tree,weighted,0.35,0.7560975609756098,0.2440944881889764,0.36904761904761907,0.7407838391361012,0.2946875451500136
top30_full,3,Tree,weighted,0.4,0.7560975609756098,0.2440944881889764,0.36904761904761907,0.7407838391361012,0.2946875451500136
top30_full,3,Tree,weighted,0.45,0.7560975609756098,0.256198347107438,0.38271604938271603,0.7407838391361012,0.2946875451500136
top30_full,3,Tree,weighted,0.5,0.7560975609756098,0.256198347107438,0.38271604938271603,0.7407838391361012,0.2946875451500136
top30_full,3,Tree,smote,0.2,0.7804878048780488,0.23529411764705882,0.3615819209039548,0.7169986967045243,0.25876434501988554
top30_full,3,Tree,smote,0.25,0.6829268292682927,0.25925925925925924,0.37583892617449666,0.7169986967045243,0.25876434501988554
top30_full,3,Tree,smote,0.3,0.6829268292682927,0.25925925925925924,0.37583892617449666,0.7169986967045243,0.25876434501988554
top30_full,3,Tree,smote,0.35,0.6829268292682927,0.25925925925925924,0.37583892617449666,0.7169986967045243,0.25876434501988554
top30_full,3,Tree,smote,0.4,0.6585365853658537,0.2621359223300971,0.375,0.7169986967045243,0.25876434501988554
top30_full,3,Tree,smote,0.45,0.5609756097560976,0.2839506172839506,0.3770491803278688,0.7169986967045243,0.25876434501988554
top30_full,3,Tree,smote,0.5,0.5609756097560976,0.2839506172839506,0.3770491803278688,0.7169986967045243,0.25876434501988554
top30_full,3,RandomForest,weighted,0.2,0.975609756097561,0.19230769230769232,0.321285140562249,0.8321541612362688,0.5145220857593846
top30_full,3,RandomForest,weighted,0.25,0.975609756097561,0.21052631578947367,0.3463203463203463,0.8321541612362688,0.5145220857593846
top30_full,3,RandomForest,weighted,0.3,0.8780487804878049,0.21686746987951808,0.34782608695652173,0.8321541612362688,0.5145220857593846
top30_full,3,RandomForest,weighted,0.35,0.8536585365853658,0.24305555555555555,0.3783783783783784,0.8321541612362688,0.5145220857593846
top30_full,3,RandomForest,weighted,0.4,0.7804878048780488,0.26229508196721313,0.39263803680981596,0.8321541612362688,0.5145220857593846
top30_full,3,RandomForest,weighted,0.45,0.7317073170731707,0.3,0.425531914893617,0.8321541612362688,0.5145220857593846
top30_full,3,RandomForest,weighted,0.5,0.7073170731707317,0.3670886075949367,0.48333333333333334,0.8321541612362688,0.5145220857593846
top30_full,3,RandomForest,smote,0.2,0.9024390243902439,0.2,0.3274336283185841,0.8170731707317073,0.4800467162725064
top30_full,3,RandomForest,smote,0.25,0.8292682926829268,0.2125,0.3383084577114428,0.8170731707317073,0.4800467162725064
top30_full,3,RandomForest,smote,0.3,0.8292682926829268,0.23776223776223776,0.3695652173913043,0.8170731707317073,0.4800467162725064
top30_full,3,RandomForest,smote,0.35,0.7804878048780488,0.2601626016260163,0.3902439024390244,0.8170731707317073,0.4800467162725064
top30_full,3,RandomForest,smote,0.4,0.7560975609756098,0.2980769230769231,0.42758620689655175,0.8170731707317073,0.4800467162725064
top30_full,3,RandomForest,smote,0.45,0.7317073170731707,0.3448275862068966,0.46875,0.8170731707317073,0.4800467162725064
top30_full,3,RandomForest,smote,0.5,0.6585365853658537,0.38028169014084506,0.48214285714285715,0.8170731707317073,0.4800467162725064
top30_full,3,XGBoost,weighted,0.2,0.7073170731707317,0.35365853658536583,0.4715447154471545,0.8287097374790542,0.42257141731314884
top30_full,3,XGBoost,weighted,0.25,0.6585365853658537,0.38571428571428573,0.4864864864864865,0.8287097374790542,0.42257141731314884
top30_full,3,XGBoost,weighted,0.3,0.5853658536585366,0.38095238095238093,0.46153846153846156,0.8287097374790542,0.42257141731314884
top30_full,3,XGBoost,weighted,0.35,0.5609756097560976,0.39655172413793105,0.46464646464646464,0.8287097374790542,0.42257141731314884
top30_full,3,XGBoost,weighted,0.4,0.5609756097560976,0.4339622641509434,0.48936170212765956,0.8287097374790542,0.42257141731314884
top30_full,3,XGBoost,weighted,0.45,0.5609756097560976,0.4423076923076923,0.4946236559139785,0.8287097374790542,0.42257141731314884
top30_full,3,XGBoost,weighted,0.5,0.5609756097560976,0.46938775510204084,0.5111111111111111,0.8287097374790542,0.42257141731314884
top30_full,3,XGBoost,smote,0.2,0.6097560975609756,0.38461538461538464,0.4716981132075472,0.8302923105566933,0.48560645885605674
top30_full,3,XGBoost,smote,0.25,0.5853658536585366,0.41379310344827586,0.48484848484848486,0.8302923105566933,0.48560645885605674
top30_full,3,XGBoost,smote,0.3,0.5609756097560976,0.4423076923076923,0.4946236559139785,0.8302923105566933,0.48560645885605674
top30_full,3,XGBoost,smote,0.35,0.4878048780487805,0.43478260869565216,0.45977011494252873,0.8302923105566933,0.48560645885605674
top30_full,3,XGBoost,smote,0.4,0.4878048780487805,0.46511627906976744,0.47619047619047616,0.8302923105566933,0.48560645885605674
top30_full,3,XGBoost,smote,0.45,0.43902439024390244,0.4864864864864865,0.46153846153846156,0.8302923105566933,0.48560645885605674
top30_full,3,XGBoost,smote,0.5,0.43902439024390244,0.5,0.4675324675324675,0.8302923105566933,0.48560645885605674
top30_full,3,LightGBM,weighted,0.2,0.6829268292682927,0.3010752688172043,0.417910447761194,0.821355427294731,0.4414209103066916
top30_full,3,LightGBM,weighted,0.25,0.6829268292682927,0.3373493975903614,0.45161290322580644,0.821355427294731,0.4414209103066916
top30_full,3,LightGBM,weighted,0.3,0.6585365853658537,0.36486486486486486,0.46956521739130436,0.821355427294731,0.4414209103066916
top30_full,3,LightGBM,weighted,0.35,0.6585365853658537,0.38571428571428573,0.4864864864864865,0.821355427294731,0.4414209103066916
top30_full,3,LightGBM,weighted,0.4,0.6585365853658537,0.4090909090909091,0.5046728971962616,0.821355427294731,0.4414209103066916
top30_full,3,LightGBM,weighted,0.45,0.5853658536585366,0.4067796610169492,0.48,0.821355427294731,0.4414209103066916
top30_full,3,LightGBM,weighted,0.5,0.5853658536585366,0.43636363636363634,0.5,0.821355427294731,0.4414209103066916
top30_full,3,LightGBM,smote,0.2,0.6097560975609756,0.36231884057971014,0.45454545454545453,0.8149320424501955,0.4500766607271858
top30_full,3,LightGBM,smote,0.25,0.5609756097560976,0.38333333333333336,0.45544554455445546,0.8149320424501955,0.4500766607271858
top30_full,3,LightGBM,smote,0.3,0.5609756097560976,0.42592592592592593,0.4842105263157895,0.8149320424501955,0.4500766607271858
top30_full,3,LightGBM,smote,0.35,0.4878048780487805,0.4166666666666667,0.449438202247191,0.8149320424501955,0.4500766607271858
top30_full,3,LightGBM,smote,0.4,0.43902439024390244,0.42857142857142855,0.43373493975903615,0.8149320424501955,0.4500766607271858
top30_full,3,LightGBM,smote,0.45,0.36585365853658536,0.42857142857142855,0.39473684210526316,0.8149320424501955,0.4500766607271858
top30_full,3,LightGBM,smote,0.5,0.3170731707317073,0.41935483870967744,0.3611111111111111,0.8149320424501955,0.4500766607271858
top30_full,4,Logistic,weighted,0.2,0.9024390243902439,0.24183006535947713,0.38144329896907214,0.8441630981195308,0.4726940768037333
top30_full,4,Logistic,weighted,0.25,0.9024390243902439,0.2569444444444444,0.4,0.8441630981195308,0.4726940768037333
top30_full,4,Logistic,weighted,0.3,0.8780487804878049,0.27906976744186046,0.4235294117647059,0.8441630981195308,0.4726940768037333
top30_full,4,Logistic,weighted,0.35,0.8536585365853658,0.29914529914529914,0.4430379746835443,0.8441630981195308,0.4726940768037333
top30_full,4,Logistic,weighted,0.4,0.7804878048780488,0.29357798165137616,0.4266666666666667,0.8441630981195308,0.4726940768037333
top30_full,4,Logistic,weighted,0.45,0.7560975609756098,0.30392156862745096,0.43356643356643354,0.8441630981195308,0.4726940768037333
top30_full,4,Logistic,weighted,0.5,0.7560975609756098,0.32978723404255317,0.45925925925925926,0.8441630981195308,0.4726940768037333
top30_full,4,Logistic,smote,0.2,0.9024390243902439,0.25170068027210885,0.39361702127659576,0.8549618320610687,0.4984287953320037
top30_full,4,Logistic,smote,0.25,0.8780487804878049,0.26666666666666666,0.4090909090909091,0.8549618320610687,0.4984287953320037
top30_full,4,Logistic,smote,0.3,0.8780487804878049,0.28125,0.4260355029585799,0.8549618320610687,0.4984287953320037
top30_full,4,Logistic,smote,0.35,0.8292682926829268,0.3008849557522124,0.44155844155844154,0.8549618320610687,0.4984287953320037
top30_full,4,Logistic,smote,0.4,0.8048780487804879,0.3173076923076923,0.45517241379310347,0.8549618320610687,0.4984287953320037
top30_full,4,Logistic,smote,0.45,0.8048780487804879,0.33,0.46808510638297873,0.8549618320610687,0.4984287953320037
top30_full,4,Logistic,smote,0.5,0.7073170731707317,0.32222222222222224,0.44274809160305345,0.8549618320610687,0.4984287953320037
top30_full,4,Tree,weighted,0.2,0.926829268292683,0.2773722627737226,0.42696629213483145,0.8441630981195309,0.43941371167509585
top30_full,4,Tree,weighted,0.25,0.926829268292683,0.2773722627737226,0.42696629213483145,0.8441630981195309,0.43941371167509585
top30_full,4,Tree,weighted,0.3,0.926829268292683,0.2773722627737226,0.42696629213483145,0.8441630981195309,0.43941371167509585
top30_full,4,Tree,weighted,0.35,0.7804878048780488,0.3137254901960784,0.44755244755244755,0.8441630981195309,0.43941371167509585
top30_full,4,Tree,weighted,0.4,0.7804878048780488,0.31683168316831684,0.4507042253521127,0.8441630981195309,0.43941371167509585
top30_full,4,Tree,weighted,0.45,0.7317073170731707,0.33707865168539325,0.46153846153846156,0.8441630981195309,0.43941371167509585
top30_full,4,Tree,weighted,0.5,0.7317073170731707,0.33707865168539325,0.46153846153846156,0.8441630981195309,0.43941371167509585
top30_full,4,Tree,smote,0.2,0.8292682926829268,0.272,0.40963855421686746,0.8165146155278347,0.36099268634903187
top30_full,4,Tree,smote,0.25,0.8048780487804879,0.29464285714285715,0.43137254901960786,0.8165146155278347,0.36099268634903187
top30_full,4,Tree,smote,0.3,0.6341463414634146,0.3611111111111111,0.46017699115044247,0.8165146155278347,0.36099268634903187
top30_full,4,Tree,smote,0.35,0.6341463414634146,0.3611111111111111,0.46017699115044247,0.8165146155278347,0.36099268634903187
top30_full,4,Tree,smote,0.4,0.6341463414634146,0.37142857142857144,0.46846846846846846,0.8165146155278347,0.36099268634903187
top30_full,4,Tree,smote,0.45,0.5609756097560976,0.3709677419354839,0.44660194174757284,0.8165146155278347,0.36099268634903187
top30_full,4,Tree,smote,0.5,0.5609756097560976,0.3709677419354839,0.44660194174757284,0.8165146155278347,0.36099268634903187
top30_full,4,RandomForest,weighted,0.2,0.975609756097561,0.20618556701030927,0.3404255319148936,0.8293613852169056,0.46154588016613923
top30_full,4,RandomForest,weighted,0.25,0.9512195121951219,0.22807017543859648,0.36792452830188677,0.8293613852169056,0.46154588016613923
top30_full,4,RandomForest,weighted,0.3,0.9024390243902439,0.2356687898089172,0.37373737373737376,0.8293613852169056,0.46154588016613923
top30_full,4,RandomForest,weighted,0.35,0.8536585365853658,0.2536231884057971,0.39106145251396646,0.8293613852169056,0.46154588016613923
top30_full,4,RandomForest,weighted,0.4,0.8292682926829268,0.2905982905982906,0.43037974683544306,0.8293613852169056,0.46154588016613923
top30_full,4,RandomForest,weighted,0.45,0.8048780487804879,0.3142857142857143,0.4520547945205479,0.8293613852169056,0.46154588016613923
top30_full,4,RandomForest,weighted,0.5,0.6341463414634146,0.33766233766233766,0.4406779661016949,0.8293613852169056,0.46154588016613923
top30_full,4,RandomForest,smote,0.2,0.9512195121951219,0.23493975903614459,0.37681159420289856,0.8100912306832991,0.398448317499373
top30_full,4,RandomForest,smote,0.25,0.9024390243902439,0.25,0.3915343915343915,0.8100912306832991,0.398448317499373
top30_full,4,RandomForest,smote,0.3,0.8780487804878049,0.26277372262773724,0.4044943820224719,0.8100912306832991,0.398448317499373
top30_full,4,RandomForest,smote,0.35,0.7804878048780488,0.2882882882882883,0.42105263157894735,0.8100912306832991,0.398448317499373
top30_full,4,RandomForest,smote,0.4,0.7560975609756098,0.31,0.4397163120567376,0.8100912306832991,0.398448317499373
top30_full,4,RandomForest,smote,0.45,0.6585365853658537,0.3103448275862069,0.421875,0.8100912306832991,0.398448317499373
top30_full,4,RandomForest,smote,0.5,0.4634146341463415,0.296875,0.3619047619047619,0.8100912306832991,0.398448317499373
top30_full,4,XGBoost,weighted,0.2,0.7560975609756098,0.33695652173913043,0.46616541353383456,0.843232172779743,0.4467853341166472
top30_full,4,XGBoost,weighted,0.25,0.7317073170731707,0.379746835443038,0.5,0.843232172779743,0.4467853341166472
top30_full,4,XGBoost,weighted,0.3,0.7073170731707317,0.3918918918918919,0.5043478260869565,0.843232172779743,0.4467853341166472
top30_full,4,XGBoost,weighted,0.35,0.6829268292682927,0.4057971014492754,0.509090909090909,0.843232172779743,0.4467853341166472
top30_full,4,XGBoost,weighted,0.4,0.6585365853658537,0.43548387096774194,0.5242718446601942,0.843232172779743,0.4467853341166472
top30_full,4,XGBoost,weighted,0.45,0.6097560975609756,0.43859649122807015,0.5102040816326531,0.843232172779743,0.4467853341166472
top30_full,4,XGBoost,weighted,0.5,0.5853658536585366,0.42857142857142855,0.4948453608247423,0.843232172779743,0.4467853341166472
top30_full,4,XGBoost,smote,0.2,0.6585365853658537,0.38028169014084506,0.48214285714285715,0.8605473840997953,0.4831742040056507
top30_full,4,XGBoost,smote,0.25,0.6097560975609756,0.4098360655737705,0.49019607843137253,0.8605473840997953,0.4831742040056507
top30_full,4,XGBoost,smote,0.3,0.6097560975609756,0.44642857142857145,0.5154639175257731,0.8605473840997953,0.4831742040056507
top30_full,4,XGBoost,smote,0.35,0.6097560975609756,0.5,0.5494505494505495,0.8605473840997953,0.4831742040056507
top30_full,4,XGBoost,smote,0.4,0.5609756097560976,0.5111111111111111,0.5348837209302325,0.8605473840997953,0.4831742040056507
top30_full,4,XGBoost,smote,0.45,0.4634146341463415,0.5135135135135135,0.48717948717948717,0.8605473840997953,0.4831742040056507
top30_full,4,XGBoost,smote,0.5,0.3902439024390244,0.5333333333333333,0.4507042253521127,0.8605473840997953,0.4831742040056507
top30_full,4,LightGBM,weighted,0.2,0.7804878048780488,0.31683168316831684,0.4507042253521127,0.8372742506051015,0.41931011706302035
top30_full,4,LightGBM,weighted,0.25,0.7560975609756098,0.3333333333333333,0.4626865671641791,0.8372742506051015,0.41931011706302035
top30_full,4,LightGBM,weighted,0.3,0.7560975609756098,0.36470588235294116,0.49206349206349204,0.8372742506051015,0.41931011706302035
top30_full,4,LightGBM,weighted,0.35,0.7317073170731707,0.39473684210526316,0.5128205128205128,0.8372742506051015,0.41931011706302035
top30_full,4,LightGBM,weighted,0.4,0.6829268292682927,0.4117647058823529,0.5137614678899083,0.8372742506051015,0.41931011706302035
top30_full,4,LightGBM,weighted,0.45,0.5853658536585366,0.39344262295081966,0.47058823529411764,0.8372742506051015,0.41931011706302035
top30_full,4,LightGBM,weighted,0.5,0.5609756097560976,0.40350877192982454,0.46938775510204084,0.8372742506051015,0.41931011706302035
top30_full,4,LightGBM,smote,0.2,0.6585365853658537,0.38028169014084506,0.48214285714285715,0.8473282442748091,0.46016984724714405
top30_full,4,LightGBM,smote,0.25,0.6341463414634146,0.43333333333333335,0.5148514851485149,0.8473282442748091,0.46016984724714405
top30_full,4,LightGBM,smote,0.3,0.6097560975609756,0.45454545454545453,0.5208333333333334,0.8473282442748091,0.46016984724714405
top30_full,4,LightGBM,smote,0.35,0.5853658536585366,0.46153846153846156,0.5161290322580645,0.8473282442748091,0.46016984724714405
top30_full,4,LightGBM,smote,0.4,0.5121951219512195,0.4772727272727273,0.49411764705882355,0.8473282442748091,0.46016984724714405
top30_full,4,LightGBM,smote,0.45,0.4634146341463415,0.475,0.4691358024691358,0.8473282442748091,0.46016984724714405
top30_full,4,LightGBM,smote,0.5,0.4634146341463415,0.5135135135135135,0.48717948717948717,0.8473282442748091,0.46016984724714405
top30_full,5,Logistic,weighted,0.2,0.975609756097561,0.23809523809523808,0.3827751196172249,0.8836343325265315,0.6193192963393497
top30_full,5,Logistic,weighted,0.25,0.926829268292683,0.25333333333333335,0.39790575916230364,0.8836343325265315,0.6193192963393497
top30_full,5,Logistic,weighted,0.3,0.9024390243902439,0.27205882352941174,0.4180790960451977,0.8836343325265315,0.6193192963393497
top30_full,5,Logistic,weighted,0.35,0.8780487804878049,0.28346456692913385,0.42857142857142855,0.8836343325265315,0.6193192963393497
top30_full,5,Logistic,weighted,0.4,0.8780487804878049,0.3130434782608696,0.46153846153846156,0.8836343325265315,0.6193192963393497
top30_full,5,Logistic,weighted,0.45,0.8780487804878049,0.33962264150943394,0.4897959183673469,0.8836343325265315,0.6193192963393497
top30_full,5,Logistic,weighted,0.5,0.8536585365853658,0.3645833333333333,0.5109489051094891,0.8836343325265315,0.6193192963393497
top30_full,5,Logistic,smote,0.2,0.926829268292683,0.25,0.39378238341968913,0.8785142431576988,0.61081784900463
top30_full,5,Logistic,smote,0.25,0.926829268292683,0.2602739726027397,0.40641711229946526,0.8785142431576988,0.61081784900463
top30_full,5,Logistic,smote,0.3,0.926829268292683,0.29457364341085274,0.4470588235294118,0.8785142431576988,0.61081784900463
top30_full,5,Logistic,smote,0.35,0.9024390243902439,0.31092436974789917,0.4625,0.8785142431576988,0.61081784900463
top30_full,5,Logistic,smote,0.4,0.8780487804878049,0.32142857142857145,0.47058823529411764,0.8785142431576988,0.61081784900463
top30_full,5,Logistic,smote,0.45,0.8536585365853658,0.3431372549019608,0.48951048951048953,0.8785142431576988,0.61081784900463
top30_full,5,Logistic,smote,0.5,0.8048780487804879,0.358695652173913,0.49624060150375937,0.8785142431576988,0.61081784900463
top30_full,5,Tree,weighted,0.2,0.7073170731707317,0.30526315789473685,0.4264705882352941,0.7917054552224911,0.442028689009525
top30_full,5,Tree,weighted,0.25,0.7073170731707317,0.30526315789473685,0.4264705882352941,0.7917054552224911,0.442028689009525
top30_full,5,Tree,weighted,0.3,0.7073170731707317,0.30526315789473685,0.4264705882352941,0.7917054552224911,0.442028689009525
top30_full,5,Tree,weighted,0.35,0.7073170731707317,0.30526315789473685,0.4264705882352941,0.7917054552224911,0.442028689009525
top30_full,5,Tree,weighted,0.4,0.7073170731707317,0.31868131868131866,0.4393939393939394,0.7917054552224911,0.442028689009525
top30_full,5,Tree,weighted,0.45,0.7073170731707317,0.31868131868131866,0.4393939393939394,0.7917054552224911,0.442028689009525
top30_full,5,Tree,weighted,0.5,0.7073170731707317,0.32954545454545453,0.4496124031007752,0.7917054552224911,0.442028689009525
top30_full,5,Tree,smote,0.2,0.7804878048780488,0.2119205298013245,0.3333333333333333,0.6990318376466207,0.25958019641509916
top30_full,5,Tree,smote,0.25,0.7317073170731707,0.23622047244094488,0.35714285714285715,0.6990318376466207,0.25958019641509916
top30_full,5,Tree,smote,0.3,0.7317073170731707,0.23809523809523808,0.3592814371257485,0.6990318376466207,0.25958019641509916
top30_full,5,Tree,smote,0.35,0.4878048780487805,0.25,0.3305785123966942,0.6990318376466207,0.25958019641509916
top30_full,5,Tree,smote,0.4,0.4878048780487805,0.25,0.3305785123966942,0.6990318376466207,0.25958019641509916
top30_full,5,Tree,smote,0.45,0.4878048780487805,0.25,0.3305785123966942,0.6990318376466207,0.25958019641509916
top30_full,5,Tree,smote,0.5,0.4878048780487805,0.25,0.3305785123966942,0.6990318376466207,0.25958019641509916
top30_full,5,RandomForest,weighted,0.2,1.0,0.20707070707070707,0.34309623430962344,0.8626885123813071,0.5425983954783703
top30_full,5,RandomForest,weighted,0.25,0.975609756097561,0.2247191011235955,0.365296803652968,0.8626885123813071,0.5425983954783703
top30_full,5,RandomForest,weighted,0.3,0.9024390243902439,0.2356687898089172,0.37373737373737376,0.8626885123813071,0.5425983954783703
top30_full,5,RandomForest,weighted,0.35,0.8780487804878049,0.26666666666666666,0.4090909090909091,0.8626885123813071,0.5425983954783703
top30_full,5,RandomForest,weighted,0.4,0.8048780487804879,0.2920353982300885,0.42857142857142855,0.8626885123813071,0.5425983954783703
top30_full,5,RandomForest,weighted,0.45,0.7804878048780488,0.32653061224489793,0.460431654676259,0.8626885123813071,0.5425983954783703
top30_full,5,RandomForest,weighted,0.5,0.7073170731707317,0.37662337662337664,0.4915254237288136,0.8626885123813071,0.5425983954783703
top30_full,5,RandomForest,smote,0.2,0.975609756097561,0.22857142857142856,0.37037037037037035,0.8339229193818656,0.42870612486161846
top30_full,5,RandomForest,smote,0.25,0.8780487804878049,0.2465753424657534,0.3850267379679144,0.8339229193818656,0.42870612486161846
top30_full,5,RandomForest,smote,0.3,0.8292682926829268,0.272,0.40963855421686746,0.8339229193818656,0.42870612486161846
top30_full,5,RandomForest,smote,0.35,0.7560975609756098,0.27927927927927926,0.40789473684210525,0.8339229193818656,0.42870612486161846
top30_full,5,RandomForest,smote,0.4,0.7560975609756098,0.3229166666666667,0.45255474452554745,0.8339229193818656,0.42870612486161846
top30_full,5,RandomForest,smote,0.45,0.6829268292682927,0.35,0.4628099173553719,0.8339229193818656,0.42870612486161846
top30_full,5,RandomForest,smote,0.5,0.6097560975609756,0.352112676056338,0.44642857142857145,0.8339229193818656,0.42870612486161846
top30_full,5,XGBoost,weighted,0.2,0.7073170731707317,0.3717948717948718,0.48739495798319327,0.8544963693911748,0.45409583404067744
top30_full,5,XGBoost,weighted,0.25,0.7073170731707317,0.4027777777777778,0.5132743362831859,0.8544963693911748,0.45409583404067744
top30_full,5,XGBoost,weighted,0.3,0.7073170731707317,0.4264705882352941,0.5321100917431193,0.8544963693911748,0.45409583404067744
top30_full,5,XGBoost,weighted,0.35,0.6829268292682927,0.45901639344262296,0.5490196078431373,0.8544963693911748,0.45409583404067744
top30_full,5,XGBoost,weighted,0.4,0.6097560975609756,0.44642857142857145,0.5154639175257731,0.8544963693911748,0.45409583404067744
top30_full,5,XGBoost,weighted,0.45,0.5609756097560976,0.45098039215686275,0.5,0.8544963693911748,0.45409583404067744
top30_full,5,XGBoost,weighted,0.5,0.5121951219512195,0.4772727272727273,0.49411764705882355,0.8544963693911748,0.45409583404067744
top30_full,5,XGBoost,smote,0.2,0.6097560975609756,0.4166666666666667,0.49504950495049505,0.8471420592068516,0.514478438716568
top30_full,5,XGBoost,smote,0.25,0.5609756097560976,0.4423076923076923,0.4946236559139785,0.8471420592068516,0.514478438716568
top30_full,5,XGBoost,smote,0.3,0.5365853658536586,0.46808510638297873,0.5,0.8471420592068516,0.514478438716568
top30_full,5,XGBoost,smote,0.35,0.5365853658536586,0.5116279069767442,0.5238095238095238,0.8471420592068516,0.514478438716568
top30_full,5,XGBoost,smote,0.4,0.5121951219512195,0.5,0.5060240963855421,0.8471420592068516,0.514478438716568
top30_full,5,XGBoost,smote,0.45,0.4878048780487805,0.5128205128205128,0.5,0.8471420592068516,0.514478438716568
top30_full,5,XGBoost,smote,0.5,0.4634146341463415,0.5,0.4810126582278481,0.8471420592068516,0.514478438716568
top30_full,5,LightGBM,weighted,0.2,0.6585365853658537,0.3375,0.4462809917355372,0.8445354682554459,0.44337481464351514
top30_full,5,LightGBM,weighted,0.25,0.6097560975609756,0.3424657534246575,0.43859649122807015,0.8445354682554459,0.44337481464351514
top30_full,5,LightGBM,weighted,0.3,0.6097560975609756,0.352112676056338,0.44642857142857145,0.8445354682554459,0.44337481464351514
top30_full,5,LightGBM,weighted,0.35,0.6097560975609756,0.4098360655737705,0.49019607843137253,0.8445354682554459,0.44337481464351514
top30_full,5,LightGBM,weighted,0.4,0.5609756097560976,0.4107142857142857,0.4742268041237113,0.8445354682554459,0.44337481464351514
top30_full,5,LightGBM,weighted,0.45,0.5609756097560976,0.4791666666666667,0.5168539325842697,0.8445354682554459,0.44337481464351514
top30_full,5,LightGBM,weighted,0.5,0.5609756097560976,0.48936170212765956,0.5227272727272727,0.8445354682554459,0.44337481464351514
top30_full,5,LightGBM,smote,0.2,0.6097560975609756,0.4098360655737705,0.49019607843137253,0.8382051759448892,0.48074739770832287
top30_full,5,LightGBM,smote,0.25,0.5853658536585366,0.4444444444444444,0.5052631578947369,0.8382051759448892,0.48074739770832287
top30_full,5,LightGBM,smote,0.3,0.5609756097560976,0.46938775510204084,0.5111111111111111,0.8382051759448892,0.48074739770832287
top30_full,5,LightGBM,smote,0.35,0.5365853658536586,0.5238095238095238,0.5301204819277109,0.8382051759448892,0.48074739770832287
top30_full,5,LightGBM,smote,0.4,0.4878048780487805,0.5128205128205128,0.5,0.8382051759448892,0.48074739770832287
top30_full,5,LightGBM,smote,0.45,0.4878048780487805,0.5263157894736842,0.5063291139240507,0.8382051759448892,0.48074739770832287
top30_full,5,LightGBM,smote,0.5,0.36585365853658536,0.5172413793103449,0.42857142857142855,0.8382051759448892,0.48074739770832287
top30_full_plus_fe,1,Logistic,weighted,0.2,0.9523809523809523,0.28368794326241137,0.4371584699453552,0.8425118138858597,0.3920323268919559
top30_full_plus_fe,1,Logistic,weighted,0.25,0.9047619047619048,0.2992125984251969,0.44970414201183434,0.8425118138858597,0.3920323268919559
top30_full_plus_fe,1,Logistic,weighted,0.3,0.8333333333333334,0.30973451327433627,0.45161290322580644,0.8425118138858597,0.3920323268919559
top30_full_plus_fe,1,Logistic,weighted,0.35,0.8333333333333334,0.3431372549019608,0.4861111111111111,0.8425118138858597,0.3920323268919559
top30_full_plus_fe,1,Logistic,weighted,0.4,0.7857142857142857,0.35106382978723405,0.4852941176470588,0.8425118138858597,0.3920323268919559
top30_full_plus_fe,1,Logistic,weighted,0.45,0.7142857142857143,0.33707865168539325,0.4580152671755725,0.8425118138858597,0.3920323268919559
top30_full_plus_fe,1,Logistic,weighted,0.5,0.6666666666666666,0.3333333333333333,0.4444444444444444,0.8425118138858597,0.3920323268919559
top30_full_plus_fe,1,Logistic,smote,0.2,0.9285714285714286,0.29545454545454547,0.4482758620689655,0.8419665576154125,0.3930401282061883
top30_full_plus_fe,1,Logistic,smote,0.25,0.8571428571428571,0.3050847457627119,0.45,0.8419665576154125,0.3930401282061883
top30_full_plus_fe,1,Logistic,smote,0.3,0.8095238095238095,0.3090909090909091,0.4473684210526316,0.8419665576154125,0.3930401282061883
top30_full_plus_fe,1,Logistic,smote,0.35,0.7619047619047619,0.3333333333333333,0.463768115942029,0.8419665576154125,0.3930401282061883
top30_full_plus_fe,1,Logistic,smote,0.4,0.7380952380952381,0.3333333333333333,0.45925925925925926,0.8419665576154125,0.3930401282061883
top30_full_plus_fe,1,Logistic,smote,0.45,0.6904761904761905,0.34523809523809523,0.4603174603174603,0.8419665576154125,0.3930401282061883
top30_full_plus_fe,1,Logistic,smote,0.5,0.6666666666666666,0.358974358974359,0.4666666666666667,0.8419665576154125,0.3930401282061883
top30_full_plus_fe,1,Tree,weighted,0.2,0.9761904761904762,0.2679738562091503,0.4205128205128205,0.8445565249000363,0.4634848485911355
top30_full_plus_fe,1,Tree,weighted,0.25,0.8809523809523809,0.3162393162393162,0.46540880503144655,0.8445565249000363,0.4634848485911355
top30_full_plus_fe,1,Tree,weighted,0.3,0.8809523809523809,0.3162393162393162,0.46540880503144655,0.8445565249000363,0.4634848485911355
top30_full_plus_fe,1,Tree,weighted,0.35,0.8809523809523809,0.3162393162393162,0.46540880503144655,0.8445565249000363,0.4634848485911355
top30_full_plus_fe,1,Tree,weighted,0.4,0.7619047619047619,0.3018867924528302,0.43243243243243246,0.8445565249000363,0.4634848485911355
top30_full_plus_fe,1,Tree,weighted,0.45,0.6428571428571429,0.3333333333333333,0.43902439024390244,0.8445565249000363,0.4634848485911355
top30_full_plus_fe,1,Tree,weighted,0.5,0.6428571428571429,0.34177215189873417,0.4462809917355372,0.8445565249000363,0.4634848485911355
top30_full_plus_fe,1,Tree,smote,0.2,0.7142857142857143,0.22556390977443608,0.34285714285714286,0.7031988367866231,0.27265172673175875
top30_full_plus_fe,1,Tree,smote,0.25,0.6428571428571429,0.21774193548387097,0.3253012048192771,0.7031988367866231,0.27265172673175875
top30_full_plus_fe,1,Tree,smote,0.3,0.6428571428571429,0.21774193548387097,0.3253012048192771,0.7031988367866231,0.27265172673175875
top30_full_plus_fe,1,Tree,smote,0.35,0.5714285714285714,0.27586206896551724,0.37209302325581395,0.7031988367866231,0.27265172673175875
top30_full_plus_fe,1,Tree,smote,0.4,0.5476190476190477,0.2948717948717949,0.38333333333333336,0.7031988367866231,0.27265172673175875
top30_full_plus_fe,1,Tree,smote,0.45,0.5238095238095238,0.3142857142857143,0.39285714285714285,0.7031988367866231,0.27265172673175875
top30_full_plus_fe,1,Tree,smote,0.5,0.5,0.35,0.4117647058823529,0.7031988367866231,0.27265172673175875
top30_full_plus_fe,1,RandomForest,weighted,0.2,0.9285714285714286,0.2,0.3291139240506329,0.8318793166121411,0.48139389860333465
top30_full_plus_fe,1,RandomForest,weighted,0.25,0.9047619047619048,0.21714285714285714,0.35023041474654376,0.8318793166121411,0.48139389860333465
top30_full_plus_fe,1,RandomForest,weighted,0.3,0.8571428571428571,0.23684210526315788,0.3711340206185567,0.8318793166121411,0.48139389860333465
top30_full_plus_fe,1,RandomForest,weighted,0.35,0.8571428571428571,0.26865671641791045,0.4090909090909091,0.8318793166121411,0.48139389860333465
top30_full_plus_fe,1,RandomForest,weighted,0.4,0.8333333333333334,0.3153153153153153,0.45751633986928103,0.8318793166121411,0.48139389860333465
top30_full_plus_fe,1,RandomForest,weighted,0.45,0.7619047619047619,0.3368421052631579,0.46715328467153283,0.8318793166121411,0.48139389860333465
top30_full_plus_fe,1,RandomForest,weighted,0.5,0.6190476190476191,0.38235294117647056,0.4727272727272727,0.8318793166121411,0.48139389860333465
top30_full_plus_fe,1,RandomForest,smote,0.2,0.8809523809523809,0.22699386503067484,0.36097560975609755,0.8111595783351508,0.4447516853938042
top30_full_plus_fe,1,RandomForest,smote,0.25,0.8333333333333334,0.24647887323943662,0.3804347826086957,0.8111595783351508,0.4447516853938042
top30_full_plus_fe,1,RandomForest,smote,0.3,0.7857142857142857,0.2682926829268293,0.4,0.8111595783351508,0.4447516853938042
top30_full_plus_fe,1,RandomForest,smote,0.35,0.7380952380952381,0.29245283018867924,0.4189189189189189,0.8111595783351508,0.4447516853938042
top30_full_plus_fe,1,RandomForest,smote,0.4,0.7380952380952381,0.34065934065934067,0.46616541353383456,0.8111595783351508,0.4447516853938042
top30_full_plus_fe,1,RandomForest,smote,0.45,0.6190476190476191,0.3466666666666667,0.4444444444444444,0.8111595783351508,0.4447516853938042
top30_full_plus_fe,1,RandomForest,smote,0.5,0.47619047619047616,0.3508771929824561,0.40404040404040403,0.8111595783351508,0.4447516853938042
top30_full_plus_fe,1,XGBoost,weighted,0.2,0.7142857142857143,0.4225352112676056,0.5309734513274337,0.8817702653580516,0.47953827996086795
top30_full_plus_fe,1,XGBoost,weighted,0.25,0.6904761904761905,0.47540983606557374,0.5631067961165048,0.8817702653580516,0.47953827996086795
top30_full_plus_fe,1,XGBoost,weighted,0.3,0.6904761904761905,0.5,0.58,0.8817702653580516,0.47953827996086795
top30_full_plus_fe,1,XGBoost,weighted,0.35,0.6428571428571429,0.5094339622641509,0.5684210526315789,0.8817702653580516,0.47953827996086795
top30_full_plus_fe,1,XGBoost,weighted,0.4,0.5238095238095238,0.46808510638297873,0.4943820224719101,0.8817702653580516,0.47953827996086795
top30_full_plus_fe,1,XGBoost,weighted,0.45,0.4523809523809524,0.4523809523809524,0.4523809523809524,0.8817702653580516,0.47953827996086795
top30_full_plus_fe,1,XGBoost,weighted,0.5,0.42857142857142855,0.45,0.43902439024390244,0.8817702653580516,0.47953827996086795
top30_full_plus_fe,1,XGBoost,smote,0.2,0.5,0.40384615384615385,0.44680851063829785,0.8666848418756816,0.49322443779077274
top30_full_plus_fe,1,XGBoost,smote,0.25,0.42857142857142855,0.391304347826087,0.4090909090909091,0.8666848418756816,0.49322443779077274
top30_full_plus_fe,1,XGBoost,smote,0.3,0.38095238095238093,0.3902439024390244,0.3855421686746988,0.8666848418756816,0.49322443779077274
top30_full_plus_fe,1,XGBoost,smote,0.35,0.35714285714285715,0.39473684210526316,0.375,0.8666848418756816,0.49322443779077274
top30_full_plus_fe,1,XGBoost,smote,0.4,0.35714285714285715,0.42857142857142855,0.38961038961038963,0.8666848418756816,0.49322443779077274
top30_full_plus_fe,1,XGBoost,smote,0.45,0.3333333333333333,0.42424242424242425,0.37333333333333335,0.8666848418756816,0.49322443779077274
top30_full_plus_fe,1,XGBoost,smote,0.5,0.30952380952380953,0.43333333333333335,0.3611111111111111,0.8666848418756816,0.49322443779077274
top30_full_plus_fe,1,LightGBM,weighted,0.2,0.7380952380952381,0.3924050632911392,0.512396694214876,0.8631406761177753,0.4930790951205214
top30_full_plus_fe,1,LightGBM,weighted,0.25,0.7380952380952381,0.4246575342465753,0.5391304347826087,0.8631406761177753,0.4930790951205214
top30_full_plus_fe,1,LightGBM,weighted,0.3,0.7380952380952381,0.4626865671641791,0.5688073394495413,0.8631406761177753,0.4930790951205214
top30_full_plus_fe,1,LightGBM,weighted,0.35,0.6666666666666666,0.4827586206896552,0.56,0.8631406761177753,0.4930790951205214
top30_full_plus_fe,1,LightGBM,weighted,0.4,0.5714285714285714,0.46153846153846156,0.5106382978723404,0.8631406761177753,0.4930790951205214
top30_full_plus_fe,1,LightGBM,weighted,0.45,0.47619047619047616,0.45454545454545453,0.46511627906976744,0.8631406761177753,0.4930790951205214
top30_full_plus_fe,1,LightGBM,weighted,0.5,0.42857142857142855,0.43902439024390244,0.43373493975903615,0.8631406761177753,0.4930790951205214
top30_full_plus_fe,1,LightGBM,smote,0.2,0.6428571428571429,0.47368421052631576,0.5454545454545454,0.8720465285350781,0.45619353076869434
top30_full_plus_fe,1,LightGBM,smote,0.25,0.5952380952380952,0.49019607843137253,0.5376344086021505,0.8720465285350781,0.45619353076869434
top30_full_plus_fe,1,LightGBM,smote,0.3,0.4523809523809524,0.4222222222222222,0.4367816091954023,0.8720465285350781,0.45619353076869434
top30_full_plus_fe,1,LightGBM,smote,0.35,0.40476190476190477,0.4146341463414634,0.40963855421686746,0.8720465285350781,0.45619353076869434
top30_full_plus_fe,1,LightGBM,smote,0.4,0.38095238095238093,0.4,0.3902439024390244,0.8720465285350781,0.45619353076869434
top30_full_plus_fe,1,LightGBM,smote,0.45,0.38095238095238093,0.4444444444444444,0.41025641025641024,0.8720465285350781,0.45619353076869434
top30_full_plus_fe,1,LightGBM,smote,0.5,0.38095238095238093,0.5,0.43243243243243246,0.8720465285350781,0.45619353076869434
top30_full_plus_fe,2,Logistic,weighted,0.2,0.9285714285714286,0.2689655172413793,0.41711229946524064,0.8887677208287895,0.5979699436995992
top30_full_plus_fe,2,Logistic,weighted,0.25,0.9047619047619048,0.2900763358778626,0.4393063583815029,0.8887677208287895,0.5979699436995992
top30_full_plus_fe,2,Logistic,weighted,0.3,0.8809523809523809,0.31092436974789917,0.45962732919254656,0.8887677208287895,0.5979699436995992
top30_full_plus_fe,2,Logistic,weighted,0.35,0.8809523809523809,0.33636363636363636,0.4868421052631579,0.8887677208287895,0.5979699436995992
top30_full_plus_fe,2,Logistic,weighted,0.4,0.8809523809523809,0.3592233009708738,0.5103448275862069,0.8887677208287895,0.5979699436995992
top30_full_plus_fe,2,Logistic,weighted,0.45,0.8095238095238095,0.35789473684210527,0.49635036496350365,0.8887677208287895,0.5979699436995992
top30_full_plus_fe,2,Logistic,weighted,0.5,0.8095238095238095,0.39080459770114945,0.5271317829457365,0.8887677208287895,0.5979699436995992
top30_full_plus_fe,2,Logistic,smote,0.2,0.9285714285714286,0.291044776119403,0.4431818181818182,0.8995819701926573,0.6302223915383742
top30_full_plus_fe,2,Logistic,smote,0.25,0.9285714285714286,0.31451612903225806,0.46987951807228917,0.8995819701926573,0.6302223915383742
top30_full_plus_fe,2,Logistic,smote,0.3,0.8809523809523809,0.32456140350877194,0.47435897435897434,0.8995819701926573,0.6302223915383742
top30_full_plus_fe,2,Logistic,smote,0.35,0.8809523809523809,0.3490566037735849,0.5,0.8995819701926573,0.6302223915383742
top30_full_plus_fe,2,Logistic,smote,0.4,0.8809523809523809,0.37,0.5211267605633803,0.8995819701926573,0.6302223915383742
top30_full_plus_fe,2,Logistic,smote,0.45,0.8571428571428571,0.3829787234042553,0.5294117647058824,0.8995819701926573,0.6302223915383742
top30_full_plus_fe,2,Logistic,smote,0.5,0.8095238095238095,0.3953488372093023,0.53125,0.8995819701926573,0.6302223915383742
top30_full_plus_fe,2,Tree,weighted,0.2,0.8571428571428571,0.21176470588235294,0.33962264150943394,0.7958469647400945,0.49275898267587437
top30_full_plus_fe,2,Tree,weighted,0.25,0.8571428571428571,0.21176470588235294,0.33962264150943394,0.7958469647400945,0.49275898267587437
top30_full_plus_fe,2,Tree,weighted,0.3,0.7857142857142857,0.2462686567164179,0.375,0.7958469647400945,0.49275898267587437
top30_full_plus_fe,2,Tree,weighted,0.35,0.7857142857142857,0.2462686567164179,0.375,0.7958469647400945,0.49275898267587437
top30_full_plus_fe,2,Tree,weighted,0.4,0.6904761904761905,0.3258426966292135,0.44274809160305345,0.7958469647400945,0.49275898267587437
top30_full_plus_fe,2,Tree,weighted,0.45,0.6666666666666666,0.32558139534883723,0.4375,0.7958469647400945,0.49275898267587437
top30_full_plus_fe,2,Tree,weighted,0.5,0.6190476190476191,0.3611111111111111,0.45614035087719296,0.7958469647400945,0.49275898267587437
top30_full_plus_fe,2,Tree,smote,0.2,0.7857142857142857,0.25,0.3793103448275862,0.7490912395492547,0.29883315344085426
top30_full_plus_fe,2,Tree,smote,0.25,0.7619047619047619,0.2644628099173554,0.39263803680981596,0.7490912395492547,0.29883315344085426
top30_full_plus_fe,2,Tree,smote,0.3,0.7380952380952381,0.2672413793103448,0.3924050632911392,0.7490912395492547,0.29883315344085426
top30_full_plus_fe,2,Tree,smote,0.35,0.6428571428571429,0.2967032967032967,0.40601503759398494,0.7490912395492547,0.29883315344085426
top30_full_plus_fe,2,Tree,smote,0.4,0.6190476190476191,0.30952380952380953,0.4126984126984127,0.7490912395492547,0.29883315344085426
top30_full_plus_fe,2,Tree,smote,0.45,0.5952380952380952,0.3125,0.4098360655737705,0.7490912395492547,0.29883315344085426
top30_full_plus_fe,2,Tree,smote,0.5,0.5952380952380952,0.3125,0.4098360655737705,0.7490912395492547,0.29883315344085426
top30_full_plus_fe,2,RandomForest,weighted,0.2,0.9761904761904762,0.2265193370165746,0.36771300448430494,0.8729552889858234,0.49667970229883174
top30_full_plus_fe,2,RandomForest,weighted,0.25,0.9523809523809523,0.25,0.39603960396039606,0.8729552889858234,0.49667970229883174
top30_full_plus_fe,2,RandomForest,weighted,0.3,0.9047619047619048,0.2814814814814815,0.4293785310734463,0.8729552889858234,0.49667970229883174
top30_full_plus_fe,2,RandomForest,weighted,0.35,0.9047619047619048,0.31666666666666665,0.4691358024691358,0.8729552889858234,0.49667970229883174
top30_full_plus_fe,2,RandomForest,weighted,0.4,0.8571428571428571,0.33962264150943394,0.4864864864864865,0.8729552889858234,0.49667970229883174
top30_full_plus_fe,2,RandomForest,weighted,0.45,0.7619047619047619,0.3950617283950617,0.5203252032520326,0.8729552889858234,0.49667970229883174
top30_full_plus_fe,2,RandomForest,weighted,0.5,0.6904761904761905,0.4461538461538462,0.5420560747663551,0.8729552889858234,0.49667970229883174
top30_full_plus_fe,2,RandomForest,smote,0.2,0.9523809523809523,0.25477707006369427,0.4020100502512563,0.8646855688840421,0.45603867630644573
top30_full_plus_fe,2,RandomForest,smote,0.25,0.9285714285714286,0.28888888888888886,0.4406779661016949,0.8646855688840421,0.45603867630644573
top30_full_plus_fe,2,RandomForest,smote,0.3,0.8571428571428571,0.3076923076923077,0.4528301886792453,0.8646855688840421,0.45603867630644573
top30_full_plus_fe,2,RandomForest,smote,0.35,0.8095238095238095,0.3469387755102041,0.4857142857142857,0.8646855688840421,0.45603867630644573
top30_full_plus_fe,2,RandomForest,smote,0.4,0.7380952380952381,0.3875,0.5081967213114754,0.8646855688840421,0.45603867630644573
top30_full_plus_fe,2,RandomForest,smote,0.45,0.6904761904761905,0.4142857142857143,0.5178571428571429,0.8646855688840421,0.45603867630644573
top30_full_plus_fe,2,RandomForest,smote,0.5,0.6190476190476191,0.48148148148148145,0.5416666666666666,0.8646855688840421,0.45603867630644573
top30_full_plus_fe,2,XGBoost,weighted,0.2,0.7857142857142857,0.44,0.5641025641025641,0.8884042166484915,0.5741987561198578
top30_full_plus_fe,2,XGBoost,weighted,0.25,0.6666666666666666,0.4375,0.5283018867924528,0.8884042166484915,0.5741987561198578
top30_full_plus_fe,2,XGBoost,weighted,0.3,0.6190476190476191,0.4482758620689655,0.52,0.8884042166484915,0.5741987561198578
top30_full_plus_fe,2,XGBoost,weighted,0.35,0.6190476190476191,0.52,0.5652173913043478,0.8884042166484915,0.5741987561198578
top30_full_plus_fe,2,XGBoost,weighted,0.4,0.5952380952380952,0.5208333333333334,0.5555555555555556,0.8884042166484915,0.5741987561198578
top30_full_plus_fe,2,XGBoost,weighted,0.45,0.5476190476190477,0.5227272727272727,0.5348837209302325,0.8884042166484915,0.5741987561198578
top30_full_plus_fe,2,XGBoost,weighted,0.5,0.5476190476190477,0.5227272727272727,0.5348837209302325,0.8884042166484915,0.5741987561198578
top30_full_plus_fe,2,XGBoost,smote,0.2,0.6428571428571429,0.54,0.5869565217391305,0.8804980007270083,0.5640592469474393
top30_full_plus_fe,2,XGBoost,smote,0.25,0.6190476190476191,0.5652173913043478,0.5909090909090909,0.8804980007270083,0.5640592469474393
top30_full_plus_fe,2,XGBoost,smote,0.3,0.5714285714285714,0.5853658536585366,0.5783132530120482,0.8804980007270083,0.5640592469474393
top30_full_plus_fe,2,XGBoost,smote,0.35,0.5238095238095238,0.6111111111111112,0.5641025641025641,0.8804980007270083,0.5640592469474393
top30_full_plus_fe,2,XGBoost,smote,0.4,0.5,0.6363636363636364,0.56,0.8804980007270083,0.5640592469474393
top30_full_plus_fe,2,XGBoost,smote,0.45,0.47619047619047616,0.6896551724137931,0.5633802816901409,0.8804980007270083,0.5640592469474393
top30_full_plus_fe,2,XGBoost,smote,0.5,0.40476190476190477,0.68,0.5074626865671642,0.8804980007270083,0.5640592469474393
top30_full_plus_fe,2,LightGBM,weighted,0.2,0.7857142857142857,0.42857142857142855,0.5546218487394958,0.8892221010541621,0.6053337224520571
top30_full_plus_fe,2,LightGBM,weighted,0.25,0.7380952380952381,0.4246575342465753,0.5391304347826087,0.8892221010541621,0.6053337224520571
top30_full_plus_fe,2,LightGBM,weighted,0.3,0.6666666666666666,0.45161290322580644,0.5384615384615384,0.8892221010541621,0.6053337224520571
top30_full_plus_fe,2,LightGBM,weighted,0.35,0.6428571428571429,0.48214285714285715,0.5510204081632653,0.8892221010541621,0.6053337224520571
top30_full_plus_fe,2,LightGBM,weighted,0.4,0.6190476190476191,0.52,0.5652173913043478,0.8892221010541621,0.6053337224520571
top30_full_plus_fe,2,LightGBM,weighted,0.45,0.5952380952380952,0.5434782608695652,0.5681818181818182,0.8892221010541621,0.6053337224520571
top30_full_plus_fe,2,LightGBM,weighted,0.5,0.5714285714285714,0.5581395348837209,0.5647058823529412,0.8892221010541621,0.6053337224520571
top30_full_plus_fe,2,LightGBM,smote,0.2,0.6428571428571429,0.45,0.5294117647058824,0.8825881497637222,0.5659574389984728
top30_full_plus_fe,2,LightGBM,smote,0.25,0.6190476190476191,0.48148148148148145,0.5416666666666666,0.8825881497637222,0.5659574389984728
top30_full_plus_fe,2,LightGBM,smote,0.3,0.5714285714285714,0.5,0.5333333333333333,0.8825881497637222,0.5659574389984728
top30_full_plus_fe,2,LightGBM,smote,0.35,0.5238095238095238,0.55,0.5365853658536586,0.8825881497637222,0.5659574389984728
top30_full_plus_fe,2,LightGBM,smote,0.4,0.47619047619047616,0.5555555555555556,0.5128205128205128,0.8825881497637222,0.5659574389984728
top30_full_plus_fe,2,LightGBM,smote,0.45,0.47619047619047616,0.6060606060606061,0.5333333333333333,0.8825881497637222,0.5659574389984728
top30_full_plus_fe,2,LightGBM,smote,0.5,0.47619047619047616,0.6451612903225806,0.547945205479452,0.8825881497637222,0.5659574389984728
top30_full_plus_fe,3,Logistic,weighted,0.2,0.8780487804878049,0.24161073825503357,0.37894736842105264,0.8369018804691863,0.5475582886692332
top30_full_plus_fe,3,Logistic,weighted,0.25,0.8780487804878049,0.26277372262773724,0.4044943820224719,0.8369018804691863,0.5475582886692332
top30_full_plus_fe,3,Logistic,weighted,0.3,0.8780487804878049,0.28346456692913385,0.42857142857142855,0.8369018804691863,0.5475582886692332
top30_full_plus_fe,3,Logistic,weighted,0.35,0.8536585365853658,0.3017241379310345,0.445859872611465,0.8369018804691863,0.5475582886692332
top30_full_plus_fe,3,Logistic,weighted,0.4,0.7804878048780488,0.3047619047619048,0.4383561643835616,0.8369018804691863,0.5475582886692332
top30_full_plus_fe,3,Logistic,weighted,0.45,0.7560975609756098,0.3163265306122449,0.4460431654676259,0.8369018804691863,0.5475582886692332
top30_full_plus_fe,3,Logistic,weighted,0.5,0.7317073170731707,0.33707865168539325,0.46153846153846156,0.8369018804691863,0.5475582886692332
top30_full_plus_fe,3,Logistic,smote,0.2,0.8780487804878049,0.2589928057553957,0.4,0.823775833178179,0.525031125256875
top30_full_plus_fe,3,Logistic,smote,0.25,0.8536585365853658,0.28,0.42168674698795183,0.823775833178179,0.525031125256875
top30_full_plus_fe,3,Logistic,smote,0.3,0.8292682926829268,0.288135593220339,0.4276729559748428,0.823775833178179,0.525031125256875
top30_full_plus_fe,3,Logistic,smote,0.35,0.8048780487804879,0.2894736842105263,0.4258064516129032,0.823775833178179,0.525031125256875
top30_full_plus_fe,3,Logistic,smote,0.4,0.7560975609756098,0.2897196261682243,0.4189189189189189,0.823775833178179,0.525031125256875
top30_full_plus_fe,3,Logistic,smote,0.45,0.7317073170731707,0.30927835051546393,0.43478260869565216,0.823775833178179,0.525031125256875
top30_full_plus_fe,3,Logistic,smote,0.5,0.7073170731707317,0.32222222222222224,0.44274809160305345,0.823775833178179,0.525031125256875
top30_full_plus_fe,3,Tree,weighted,0.2,0.8048780487804879,0.22448979591836735,0.35106382978723405,0.7309625768013407,0.2838512315832241
top30_full_plus_fe,3,Tree,weighted,0.25,0.8048780487804879,0.22448979591836735,0.35106382978723405,0.7309625768013407,0.2838512315832241
top30_full_plus_fe,3,Tree,weighted,0.3,0.7804878048780488,0.2318840579710145,0.3575418994413408,0.7309625768013407,0.2838512315832241
top30_full_plus_fe,3,Tree,weighted,0.35,0.7804878048780488,0.2318840579710145,0.3575418994413408,0.7309625768013407,0.2838512315832241
top30_full_plus_fe,3,Tree,weighted,0.4,0.7804878048780488,0.2318840579710145,0.3575418994413408,0.7309625768013407,0.2838512315832241
top30_full_plus_fe,3,Tree,weighted,0.45,0.7804878048780488,0.23880597014925373,0.3657142857142857,0.7309625768013407,0.2838512315832241
top30_full_plus_fe,3,Tree,weighted,0.5,0.7804878048780488,0.23880597014925373,0.3657142857142857,0.7309625768013407,0.2838512315832241
top30_full_plus_fe,3,Tree,smote,0.2,0.7317073170731707,0.26785714285714285,0.39215686274509803,0.7651740830385403,0.29401300955618276
top30_full_plus_fe,3,Tree,smote,0.25,0.7317073170731707,0.26785714285714285,0.39215686274509803,0.7651740830385403,0.29401300955618276
top30_full_plus_fe,3,Tree,smote,0.3,0.7317073170731707,0.26785714285714285,0.39215686274509803,0.7651740830385403,0.29401300955618276
top30_full_plus_fe,3,Tree,smote,0.35,0.7317073170731707,0.26785714285714285,0.39215686274509803,0.7651740830385403,0.29401300955618276
top30_full_plus_fe,3,Tree,smote,0.4,0.7073170731707317,0.2636363636363636,0.3841059602649007,0.7651740830385403,0.29401300955618276
top30_full_plus_fe,3,Tree,smote,0.45,0.7073170731707317,0.2636363636363636,0.3841059602649007,0.7651740830385403,0.29401300955618276
top30_full_plus_fe,3,Tree,smote,0.5,0.7073170731707317,0.26851851851851855,0.38926174496644295,0.7651740830385403,0.29401300955618276
top30_full_plus_fe,3,RandomForest,weighted,0.2,0.975609756097561,0.19607843137254902,0.32653061224489793,0.8437907279836158,0.5250163574809028
top30_full_plus_fe,3,RandomForest,weighted,0.25,0.9512195121951219,0.2154696132596685,0.35135135135135137,0.8437907279836158,0.5250163574809028
top30_full_plus_fe,3,RandomForest,weighted,0.3,0.9512195121951219,0.2422360248447205,0.38613861386138615,0.8437907279836158,0.5250163574809028
top30_full_plus_fe,3,RandomForest,weighted,0.35,0.8780487804878049,0.2571428571428571,0.39779005524861877,0.8437907279836158,0.5250163574809028
top30_full_plus_fe,3,RandomForest,weighted,0.4,0.7804878048780488,0.2644628099173554,0.3950617283950617,0.8437907279836158,0.5250163574809028
top30_full_plus_fe,3,RandomForest,weighted,0.45,0.7804878048780488,0.32323232323232326,0.45714285714285713,0.8437907279836158,0.5250163574809028
top30_full_plus_fe,3,RandomForest,weighted,0.5,0.7317073170731707,0.375,0.49586776859504134,0.8437907279836158,0.5250163574809028
top30_full_plus_fe,3,RandomForest,smote,0.2,0.9512195121951219,0.22033898305084745,0.3577981651376147,0.8266617017315211,0.4769563405998288
top30_full_plus_fe,3,RandomForest,smote,0.25,0.926829268292683,0.23030303030303031,0.36893203883495146,0.8266617017315211,0.4769563405998288
top30_full_plus_fe,3,RandomForest,smote,0.3,0.8292682926829268,0.24113475177304963,0.37362637362637363,0.8266617017315211,0.4769563405998288
top30_full_plus_fe,3,RandomForest,smote,0.35,0.7804878048780488,0.2782608695652174,0.41025641025641024,0.8266617017315211,0.4769563405998288
top30_full_plus_fe,3,RandomForest,smote,0.4,0.7560975609756098,0.30097087378640774,0.4305555555555556,0.8266617017315211,0.4769563405998288
top30_full_plus_fe,3,RandomForest,smote,0.45,0.6829268292682927,0.3333333333333333,0.448,0.8266617017315211,0.4769563405998288
top30_full_plus_fe,3,RandomForest,smote,0.5,0.6097560975609756,0.38461538461538464,0.4716981132075472,0.8266617017315211,0.4769563405998288
top30_full_plus_fe,3,XGBoost,weighted,0.2,0.7073170731707317,0.35365853658536583,0.4715447154471545,0.8247067585179668,0.4367942890229474
top30_full_plus_fe,3,XGBoost,weighted,0.25,0.6585365853658537,0.38028169014084506,0.48214285714285715,0.8247067585179668,0.4367942890229474
top30_full_plus_fe,3,XGBoost,weighted,0.3,0.6097560975609756,0.3787878787878788,0.4672897196261682,0.8247067585179668,0.4367942890229474
top30_full_plus_fe,3,XGBoost,weighted,0.35,0.6097560975609756,0.4166666666666667,0.49504950495049505,0.8247067585179668,0.4367942890229474
top30_full_plus_fe,3,XGBoost,weighted,0.4,0.6097560975609756,0.45454545454545453,0.5208333333333334,0.8247067585179668,0.4367942890229474
top30_full_plus_fe,3,XGBoost,weighted,0.45,0.5609756097560976,0.45098039215686275,0.5,0.8247067585179668,0.4367942890229474
top30_full_plus_fe,3,XGBoost,weighted,0.5,0.5365853658536586,0.4782608695652174,0.5057471264367817,0.8247067585179668,0.4367942890229474
top30_full_plus_fe,3,XGBoost,smote,0.2,0.6097560975609756,0.3787878787878788,0.4672897196261682,0.8309439582945447,0.4897359983492936
top30_full_plus_fe,3,XGBoost,smote,0.25,0.5609756097560976,0.39655172413793105,0.46464646464646464,0.8309439582945447,0.4897359983492936
top30_full_plus_fe,3,XGBoost,smote,0.3,0.5121951219512195,0.4117647058823529,0.45652173913043476,0.8309439582945447,0.4897359983492936
top30_full_plus_fe,3,XGBoost,smote,0.35,0.5121951219512195,0.42,0.46153846153846156,0.8309439582945447,0.4897359983492936
top30_full_plus_fe,3,XGBoost,smote,0.4,0.4878048780487805,0.4878048780487805,0.4878048780487805,0.8309439582945447,0.4897359983492936
top30_full_plus_fe,3,XGBoost,smote,0.45,0.4878048780487805,0.5,0.49382716049382713,0.8309439582945447,0.4897359983492936
top30_full_plus_fe,3,XGBoost,smote,0.5,0.4146341463414634,0.4857142857142857,0.4473684210526316,0.8309439582945447,0.4897359983492936
top30_full_plus_fe,3,LightGBM,weighted,0.2,0.7073170731707317,0.32222222222222224,0.44274809160305345,0.8114876186929808,0.4121154375418338
top30_full_plus_fe,3,LightGBM,weighted,0.25,0.7073170731707317,0.3717948717948718,0.48739495798319327,0.8114876186929808,0.4121154375418338
top30_full_plus_fe,3,LightGBM,weighted,0.3,0.6585365853658537,0.3698630136986301,0.47368421052631576,0.8114876186929808,0.4121154375418338
top30_full_plus_fe,3,LightGBM,weighted,0.35,0.5853658536585366,0.39344262295081966,0.47058823529411764,0.8114876186929808,0.4121154375418338
top30_full_plus_fe,3,LightGBM,weighted,0.4,0.5853658536585366,0.41379310344827586,0.48484848484848486,0.8114876186929808,0.4121154375418338
top30_full_plus_fe,3,LightGBM,weighted,0.45,0.5365853658536586,0.41509433962264153,0.46808510638297873,0.8114876186929808,0.4121154375418338
top30_full_plus_fe,3,LightGBM,weighted,0.5,0.5365853658536586,0.4489795918367347,0.4888888888888889,0.8114876186929808,0.4121154375418338
top30_full_plus_fe,3,LightGBM,smote,0.2,0.6097560975609756,0.36764705882352944,0.45871559633027525,0.8359709551293986,0.48686539729619394
top30_full_plus_fe,3,LightGBM,smote,0.25,0.6097560975609756,0.4032258064516129,0.4854368932038835,0.8359709551293986,0.48686539729619394
top30_full_plus_fe,3,LightGBM,smote,0.3,0.5853658536585366,0.4067796610169492,0.48,0.8359709551293986,0.48686539729619394
top30_full_plus_fe,3,LightGBM,smote,0.35,0.5853658536585366,0.42857142857142855,0.4948453608247423,0.8359709551293986,0.48686539729619394
top30_full_plus_fe,3,LightGBM,smote,0.4,0.5609756097560976,0.4339622641509434,0.48936170212765956,0.8359709551293986,0.48686539729619394
top30_full_plus_fe,3,LightGBM,smote,0.45,0.5365853658536586,0.46808510638297873,0.5,0.8359709551293986,0.48686539729619394
top30_full_plus_fe,3,LightGBM,smote,0.5,0.5121951219512195,0.5384615384615384,0.525,0.8359709551293986,0.48686539729619394
top30_full_plus_fe,4,Logistic,weighted,0.2,0.926829268292683,0.25,0.39378238341968913,0.8437907279836157,0.4581890780676553
top30_full_plus_fe,4,Logistic,weighted,0.25,0.9024390243902439,0.25517241379310346,0.3978494623655914,0.8437907279836157,0.4581890780676553
top30_full_plus_fe,4,Logistic,weighted,0.3,0.8780487804878049,0.27692307692307694,0.42105263157894735,0.8437907279836157,0.4581890780676553
top30_full_plus_fe,4,Logistic,weighted,0.35,0.8780487804878049,0.3050847457627119,0.4528301886792453,0.8437907279836157,0.4581890780676553
top30_full_plus_fe,4,Logistic,weighted,0.4,0.8292682926829268,0.3090909090909091,0.4503311258278146,0.8437907279836157,0.4581890780676553
top30_full_plus_fe,4,Logistic,weighted,0.45,0.7560975609756098,0.3069306930693069,0.43661971830985913,0.8437907279836157,0.4581890780676553
top30_full_plus_fe,4,Logistic,weighted,0.5,0.7560975609756098,0.3333333333333333,0.4626865671641791,0.8437907279836157,0.4581890780676553
top30_full_plus_fe,4,Logistic,smote,0.2,0.926829268292683,0.2550335570469799,0.4,0.8500279277601936,0.4750928230360667
top30_full_plus_fe,4,Logistic,smote,0.25,0.9024390243902439,0.26618705035971224,0.4111111111111111,0.8500279277601936,0.4750928230360667
top30_full_plus_fe,4,Logistic,smote,0.3,0.8292682926829268,0.2786885245901639,0.4171779141104294,0.8500279277601936,0.4750928230360667
top30_full_plus_fe,4,Logistic,smote,0.35,0.8292682926829268,0.3063063063063063,0.4473684210526316,0.8500279277601936,0.4750928230360667
top30_full_plus_fe,4,Logistic,smote,0.4,0.8048780487804879,0.3235294117647059,0.46153846153846156,0.8500279277601936,0.4750928230360667
top30_full_plus_fe,4,Logistic,smote,0.45,0.7804878048780488,0.32653061224489793,0.460431654676259,0.8500279277601936,0.4750928230360667
top30_full_plus_fe,4,Logistic,smote,0.5,0.7073170731707317,0.3333333333333333,0.453125,0.8500279277601936,0.4750928230360667
top30_full_plus_fe,4,Tree,weighted,0.2,0.9024390243902439,0.26618705035971224,0.4111111111111111,0.8343883820517595,0.4110674030456121
top30_full_plus_fe,4,Tree,weighted,0.25,0.9024390243902439,0.26618705035971224,0.4111111111111111,0.8343883820517595,0.4110674030456121
top30_full_plus_fe,4,Tree,weighted,0.3,0.8780487804878049,0.3076923076923077,0.45569620253164556,0.8343883820517595,0.4110674030456121
top30_full_plus_fe,4,Tree,weighted,0.35,0.8780487804878049,0.3076923076923077,0.45569620253164556,0.8343883820517595,0.4110674030456121
top30_full_plus_fe,4,Tree,weighted,0.4,0.8292682926829268,0.3119266055045872,0.4533333333333333,0.8343883820517595,0.4110674030456121
top30_full_plus_fe,4,Tree,weighted,0.45,0.8048780487804879,0.308411214953271,0.44594594594594594,0.8343883820517595,0.4110674030456121
top30_full_plus_fe,4,Tree,weighted,0.5,0.7317073170731707,0.297029702970297,0.4225352112676056,0.8343883820517595,0.4110674030456121
top30_full_plus_fe,4,Tree,smote,0.2,0.7804878048780488,0.22535211267605634,0.34972677595628415,0.7484639731893502,0.2835892768599383
top30_full_plus_fe,4,Tree,smote,0.25,0.6585365853658537,0.226890756302521,0.3375,0.7484639731893502,0.2835892768599383
top30_full_plus_fe,4,Tree,smote,0.3,0.5365853658536586,0.28205128205128205,0.3697478991596639,0.7484639731893502,0.2835892768599383
top30_full_plus_fe,4,Tree,smote,0.35,0.5121951219512195,0.2876712328767123,0.3684210526315789,0.7484639731893502,0.2835892768599383
top30_full_plus_fe,4,Tree,smote,0.4,0.5121951219512195,0.31343283582089554,0.3888888888888889,0.7484639731893502,0.2835892768599383
top30_full_plus_fe,4,Tree,smote,0.45,0.4878048780487805,0.31746031746031744,0.38461538461538464,0.7484639731893502,0.2835892768599383
top30_full_plus_fe,4,Tree,smote,0.5,0.4878048780487805,0.31746031746031744,0.38461538461538464,0.7484639731893502,0.2835892768599383
top30_full_plus_fe,4,RandomForest,weighted,0.2,0.975609756097561,0.21505376344086022,0.3524229074889868,0.8224725377024762,0.458384712804815
top30_full_plus_fe,4,RandomForest,weighted,0.25,0.9024390243902439,0.2215568862275449,0.3557692307692308,0.8224725377024762,0.458384712804815
top30_full_plus_fe,4,RandomForest,weighted,0.3,0.8536585365853658,0.23333333333333334,0.36649214659685864,0.8224725377024762,0.458384712804815
top30_full_plus_fe,4,RandomForest,weighted,0.35,0.8536585365853658,0.26119402985074625,0.4,0.8224725377024762,0.458384712804815
top30_full_plus_fe,4,RandomForest,weighted,0.4,0.7560975609756098,0.2672413793103448,0.39490445859872614,0.8224725377024762,0.458384712804815
top30_full_plus_fe,4,RandomForest,weighted,0.45,0.7073170731707317,0.30851063829787234,0.42962962962962964,0.8224725377024762,0.458384712804815
top30_full_plus_fe,4,RandomForest,weighted,0.5,0.7073170731707317,0.3625,0.4793388429752066,0.8224725377024762,0.458384712804815
top30_full_plus_fe,4,RandomForest,smote,0.2,0.9024390243902439,0.22560975609756098,0.36097560975609755,0.8230310929063489,0.39651284907896894
top30_full_plus_fe,4,RandomForest,smote,0.25,0.8780487804878049,0.23841059602649006,0.375,0.8230310929063489,0.39651284907896894
top30_full_plus_fe,4,RandomForest,smote,0.3,0.8536585365853658,0.26717557251908397,0.4069767441860465,0.8230310929063489,0.39651284907896894
top30_full_plus_fe,4,RandomForest,smote,0.35,0.8292682926829268,0.2956521739130435,0.4358974358974359,0.8230310929063489,0.39651284907896894
top30_full_plus_fe,4,RandomForest,smote,0.4,0.7560975609756098,0.3229166666666667,0.45255474452554745,0.8230310929063489,0.39651284907896894
top30_full_plus_fe,4,RandomForest,smote,0.45,0.6585365853658537,0.3176470588235294,0.42857142857142855,0.8230310929063489,0.39651284907896894
top30_full_plus_fe,4,RandomForest,smote,0.5,0.5365853658536586,0.3384615384615385,0.41509433962264153,0.8230310929063489,0.39651284907896894
top30_full_plus_fe,4,XGBoost,weighted,0.2,0.6829268292682927,0.3146067415730337,0.4307692307692308,0.8318748836343325,0.3887837079148929
top30_full_plus_fe,4,XGBoost,weighted,0.25,0.6585365853658537,0.3253012048192771,0.43548387096774194,0.8318748836343325,0.3887837079148929
top30_full_plus_fe,4,XGBoost,weighted,0.3,0.6341463414634146,0.3611111111111111,0.46017699115044247,0.8318748836343325,0.3887837079148929
top30_full_plus_fe,4,XGBoost,weighted,0.35,0.6341463414634146,0.3880597014925373,0.48148148148148145,0.8318748836343325,0.3887837079148929
top30_full_plus_fe,4,XGBoost,weighted,0.4,0.6097560975609756,0.390625,0.47619047619047616,0.8318748836343325,0.3887837079148929
top30_full_plus_fe,4,XGBoost,weighted,0.45,0.5609756097560976,0.41818181818181815,0.4791666666666667,0.8318748836343325,0.3887837079148929
top30_full_plus_fe,4,XGBoost,weighted,0.5,0.5609756097560976,0.46,0.5054945054945055,0.8318748836343325,0.3887837079148929
top30_full_plus_fe,4,XGBoost,smote,0.2,0.6341463414634146,0.36619718309859156,0.4642857142857143,0.8448147458573823,0.4308212325093209
top30_full_plus_fe,4,XGBoost,smote,0.25,0.5853658536585366,0.3870967741935484,0.46601941747572817,0.8448147458573823,0.4308212325093209
top30_full_plus_fe,4,XGBoost,smote,0.3,0.5853658536585366,0.4067796610169492,0.48,0.8448147458573823,0.4308212325093209
top30_full_plus_fe,4,XGBoost,smote,0.35,0.5609756097560976,0.45098039215686275,0.5,0.8448147458573823,0.4308212325093209
top30_full_plus_fe,4,XGBoost,smote,0.4,0.5365853658536586,0.4782608695652174,0.5057471264367817,0.8448147458573823,0.4308212325093209
top30_full_plus_fe,4,XGBoost,smote,0.45,0.5365853658536586,0.5238095238095238,0.5301204819277109,0.8448147458573823,0.4308212325093209
top30_full_plus_fe,4,XGBoost,smote,0.5,0.5365853658536586,0.5641025641025641,0.55,0.8448147458573823,0.4308212325093209
top30_full_plus_fe,4,LightGBM,weighted,0.2,0.7560975609756098,0.3263157894736842,0.45588235294117646,0.8245205734500093,0.3972317704509987
top30_full_plus_fe,4,LightGBM,weighted,0.25,0.6829268292682927,0.32558139534883723,0.4409448818897638,0.8245205734500093,0.3972317704509987
top30_full_plus_fe,4,LightGBM,weighted,0.3,0.6829268292682927,0.345679012345679,0.45901639344262296,0.8245205734500093,0.3972317704509987
top30_full_plus_fe,4,LightGBM,weighted,0.35,0.6341463414634146,0.3611111111111111,0.46017699115044247,0.8245205734500093,0.3972317704509987
top30_full_plus_fe,4,LightGBM,weighted,0.4,0.6341463414634146,0.4,0.49056603773584906,0.8245205734500093,0.3972317704509987
top30_full_plus_fe,4,LightGBM,weighted,0.45,0.5853658536585366,0.41379310344827586,0.48484848484848486,0.8245205734500093,0.3972317704509987
top30_full_plus_fe,4,LightGBM,weighted,0.5,0.5121951219512195,0.4117647058823529,0.45652173913043476,0.8245205734500093,0.3972317704509987
top30_full_plus_fe,4,LightGBM,smote,0.2,0.6097560975609756,0.31645569620253167,0.4166666666666667,0.8149320424501956,0.37806273052095796
top30_full_plus_fe,4,LightGBM,smote,0.25,0.5853658536585366,0.3287671232876712,0.42105263157894735,0.8149320424501956,0.37806273052095796
top30_full_plus_fe,4,LightGBM,smote,0.3,0.5853658536585366,0.36363636363636365,0.4485981308411215,0.8149320424501956,0.37806273052095796
top30_full_plus_fe,4,LightGBM,smote,0.35,0.5365853658536586,0.36666666666666664,0.43564356435643564,0.8149320424501956,0.37806273052095796
top30_full_plus_fe,4,LightGBM,smote,0.4,0.5121951219512195,0.3888888888888889,0.4421052631578947,0.8149320424501956,0.37806273052095796
top30_full_plus_fe,4,LightGBM,smote,0.45,0.4878048780487805,0.39215686274509803,0.43478260869565216,0.8149320424501956,0.37806273052095796
top30_full_plus_fe,4,LightGBM,smote,0.5,0.4146341463414634,0.38636363636363635,0.4,0.8149320424501956,0.37806273052095796
top30_full_plus_fe,5,Logistic,weighted,0.2,0.926829268292683,0.23170731707317074,0.37073170731707317,0.878793520759635,0.6309083153543472
top30_full_plus_fe,5,Logistic,weighted,0.25,0.926829268292683,0.25,0.39378238341968913,0.878793520759635,0.6309083153543472
top30_full_plus_fe,5,Logistic,weighted,0.3,0.9024390243902439,0.26811594202898553,0.4134078212290503,0.878793520759635,0.6309083153543472
top30_full_plus_fe,5,Logistic,weighted,0.35,0.8780487804878049,0.2857142857142857,0.4311377245508982,0.878793520759635,0.6309083153543472
top30_full_plus_fe,5,Logistic,weighted,0.4,0.8780487804878049,0.3157894736842105,0.4645161290322581,0.878793520759635,0.6309083153543472
top30_full_plus_fe,5,Logistic,weighted,0.45,0.8536585365853658,0.35353535353535354,0.5,0.878793520759635,0.6309083153543472
top30_full_plus_fe,5,Logistic,weighted,0.5,0.8292682926829268,0.3655913978494624,0.5074626865671642,0.878793520759635,0.6309083153543472
top30_full_plus_fe,5,Logistic,smote,0.2,0.926829268292683,0.24203821656050956,0.3838383838383838,0.8688326196239061,0.6055669402864411
top30_full_plus_fe,5,Logistic,smote,0.25,0.926829268292683,0.2620689655172414,0.40860215053763443,0.8688326196239061,0.6055669402864411
top30_full_plus_fe,5,Logistic,smote,0.3,0.926829268292683,0.2814814814814815,0.4318181818181818,0.8688326196239061,0.6055669402864411
top30_full_plus_fe,5,Logistic,smote,0.35,0.8780487804878049,0.2975206611570248,0.4444444444444444,0.8688326196239061,0.6055669402864411
top30_full_plus_fe,5,Logistic,smote,0.4,0.8292682926829268,0.3090909090909091,0.4503311258278146,0.8688326196239061,0.6055669402864411
top30_full_plus_fe,5,Logistic,smote,0.45,0.8048780487804879,0.33,0.46808510638297873,0.8688326196239061,0.6055669402864411
top30_full_plus_fe,5,Logistic,smote,0.5,0.7560975609756098,0.3522727272727273,0.4806201550387597,0.8688326196239061,0.6055669402864411
top30_full_plus_fe,5,Tree,weighted,0.2,0.7804878048780488,0.2644628099173554,0.3950617283950617,0.7772761124557811,0.4384650136925979
top30_full_plus_fe,5,Tree,weighted,0.25,0.7804878048780488,0.2644628099173554,0.3950617283950617,0.7772761124557811,0.4384650136925979
top30_full_plus_fe,5,Tree,weighted,0.3,0.7804878048780488,0.2644628099173554,0.3950617283950617,0.7772761124557811,0.4384650136925979
top30_full_plus_fe,5,Tree,weighted,0.35,0.7804878048780488,0.2644628099173554,0.3950617283950617,0.7772761124557811,0.4384650136925979
top30_full_plus_fe,5,Tree,weighted,0.4,0.7804878048780488,0.2644628099173554,0.3950617283950617,0.7772761124557811,0.4384650136925979
top30_full_plus_fe,5,Tree,weighted,0.45,0.7804878048780488,0.2644628099173554,0.3950617283950617,0.7772761124557811,0.4384650136925979
top30_full_plus_fe,5,Tree,weighted,0.5,0.6829268292682927,0.27722772277227725,0.39436619718309857,0.7772761124557811,0.4384650136925979
top30_full_plus_fe,5,Tree,smote,0.2,0.8048780487804879,0.2129032258064516,0.336734693877551,0.7530255073543102,0.29772091314998234
top30_full_plus_fe,5,Tree,smote,0.25,0.7804878048780488,0.21333333333333335,0.33507853403141363,0.7530255073543102,0.29772091314998234
top30_full_plus_fe,5,Tree,smote,0.3,0.7317073170731707,0.25210084033613445,0.375,0.7530255073543102,0.29772091314998234
top30_full_plus_fe,5,Tree,smote,0.35,0.6585365853658537,0.2571428571428571,0.3698630136986301,0.7530255073543102,0.29772091314998234
top30_full_plus_fe,5,Tree,smote,0.4,0.6341463414634146,0.2988505747126437,0.40625,0.7530255073543102,0.29772091314998234
top30_full_plus_fe,5,Tree,smote,0.45,0.6341463414634146,0.2988505747126437,0.40625,0.7530255073543102,0.29772091314998234
top30_full_plus_fe,5,Tree,smote,0.5,0.6341463414634146,0.2988505747126437,0.40625,0.7530255073543102,0.29772091314998234
top30_full_plus_fe,5,RandomForest,weighted,0.2,1.0,0.21578947368421053,0.354978354978355,0.86473654812884,0.5347088211854806
top30_full_plus_fe,5,RandomForest,weighted,0.25,0.975609756097561,0.23391812865497075,0.37735849056603776,0.86473654812884,0.5347088211854806
top30_full_plus_fe,5,RandomForest,weighted,0.3,0.926829268292683,0.25165562913907286,0.3958333333333333,0.86473654812884,0.5347088211854806
top30_full_plus_fe,5,RandomForest,weighted,0.35,0.8780487804878049,0.2748091603053435,0.4186046511627907,0.86473654812884,0.5347088211854806
top30_full_plus_fe,5,RandomForest,weighted,0.4,0.8048780487804879,0.30275229357798167,0.44,0.86473654812884,0.5347088211854806
top30_full_plus_fe,5,RandomForest,weighted,0.45,0.7804878048780488,0.3368421052631579,0.47058823529411764,0.86473654812884,0.5347088211854806
top30_full_plus_fe,5,RandomForest,weighted,0.5,0.7073170731707317,0.38666666666666666,0.5,0.86473654812884,0.5347088211854806
top30_full_plus_fe,5,RandomForest,smote,0.2,0.9512195121951219,0.2254335260115607,0.3644859813084112,0.840346304226401,0.4606814100278813
top30_full_plus_fe,5,RandomForest,smote,0.25,0.9024390243902439,0.24342105263157895,0.38341968911917096,0.840346304226401,0.4606814100278813
top30_full_plus_fe,5,RandomForest,smote,0.3,0.8292682926829268,0.272,0.40963855421686746,0.840346304226401,0.4606814100278813
top30_full_plus_fe,5,RandomForest,smote,0.35,0.8048780487804879,0.3,0.4370860927152318,0.840346304226401,0.4606814100278813
top30_full_plus_fe,5,RandomForest,smote,0.4,0.7560975609756098,0.31958762886597936,0.4492753623188406,0.840346304226401,0.4606814100278813
top30_full_plus_fe,5,RandomForest,smote,0.45,0.6585365853658537,0.3375,0.4462809917355372,0.840346304226401,0.4606814100278813
top30_full_plus_fe,5,RandomForest,smote,0.5,0.6097560975609756,0.36764705882352944,0.45871559633027525,0.840346304226401,0.4606814100278813
top30_full_plus_fe,5,XGBoost,weighted,0.2,0.6829268292682927,0.35443037974683544,0.4666666666666667,0.8343883820517595,0.469597078530484
top30_full_plus_fe,5,XGBoost,weighted,0.25,0.6585365853658537,0.39705882352941174,0.4954128440366973,0.8343883820517595,0.469597078530484
top30_full_plus_fe,5,XGBoost,weighted,0.3,0.6341463414634146,0.41935483870967744,0.5048543689320388,0.8343883820517595,0.469597078530484
top30_full_plus_fe,5,XGBoost,weighted,0.35,0.5853658536585366,0.43636363636363634,0.5,0.8343883820517595,0.469597078530484
top30_full_plus_fe,5,XGBoost,weighted,0.4,0.5121951219512195,0.42,0.46153846153846156,0.8343883820517595,0.469597078530484
top30_full_plus_fe,5,XGBoost,weighted,0.45,0.4878048780487805,0.4878048780487805,0.4878048780487805,0.8343883820517595,0.469597078530484
top30_full_plus_fe,5,XGBoost,weighted,0.5,0.4878048780487805,0.5263157894736842,0.5063291139240507,0.8343883820517595,0.469597078530484
top30_full_plus_fe,5,XGBoost,smote,0.2,0.6341463414634146,0.4262295081967213,0.5098039215686274,0.8484453546825544,0.49407002765836083
top30_full_plus_fe,5,XGBoost,smote,0.25,0.5853658536585366,0.4444444444444444,0.5052631578947369,0.8484453546825544,0.49407002765836083
top30_full_plus_fe,5,XGBoost,smote,0.3,0.5609756097560976,0.46938775510204084,0.5111111111111111,0.8484453546825544,0.49407002765836083
top30_full_plus_fe,5,XGBoost,smote,0.35,0.5609756097560976,0.4791666666666667,0.5168539325842697,0.8484453546825544,0.49407002765836083
top30_full_plus_fe,5,XGBoost,smote,0.4,0.5121951219512195,0.4883720930232558,0.5,0.8484453546825544,0.49407002765836083
top30_full_plus_fe,5,XGBoost,smote,0.45,0.4878048780487805,0.5263157894736842,0.5063291139240507,0.8484453546825544,0.49407002765836083
top30_full_plus_fe,5,XGBoost,smote,0.5,0.4878048780487805,0.5714285714285714,0.5263157894736842,0.8484453546825544,0.49407002765836083
top30_full_plus_fe,5,LightGBM,weighted,0.2,0.6829268292682927,0.358974358974359,0.47058823529411764,0.8418357847700615,0.4937809029438182
top30_full_plus_fe,5,LightGBM,weighted,0.25,0.6341463414634146,0.37142857142857144,0.46846846846846846,0.8418357847700615,0.4937809029438182
top30_full_plus_fe,5,LightGBM,weighted,0.3,0.6341463414634146,0.3939393939393939,0.48598130841121495,0.8418357847700615,0.4937809029438182
top30_full_plus_fe,5,LightGBM,weighted,0.35,0.5853658536585366,0.43636363636363634,0.5,0.8418357847700615,0.4937809029438182
top30_full_plus_fe,5,LightGBM,weighted,0.4,0.5609756097560976,0.42592592592592593,0.4842105263157895,0.8418357847700615,0.4937809029438182
top30_full_plus_fe,5,LightGBM,weighted,0.45,0.5365853658536586,0.44,0.4835164835164835,0.8418357847700615,0.4937809029438182
top30_full_plus_fe,5,LightGBM,weighted,0.5,0.5121951219512195,0.44680851063829785,0.4772727272727273,0.8418357847700615,0.4937809029438182
top30_full_plus_fe,5,LightGBM,smote,0.2,0.6097560975609756,0.45454545454545453,0.5208333333333334,0.856078942468814,0.5148254708761707
top30_full_plus_fe,5,LightGBM,smote,0.25,0.5609756097560976,0.4791666666666667,0.5168539325842697,0.856078942468814,0.5148254708761707
top30_full_plus_fe,5,LightGBM,smote,0.3,0.5609756097560976,0.5111111111111111,0.5348837209302325,0.856078942468814,0.5148254708761707
top30_full_plus_fe,5,LightGBM,smote,0.35,0.5365853658536586,0.5238095238095238,0.5301204819277109,0.856078942468814,0.5148254708761707
top30_full_plus_fe,5,LightGBM,smote,0.4,0.4878048780487805,0.5,0.49382716049382713,0.856078942468814,0.5148254708761707
top30_full_plus_fe,5,LightGBM,smote,0.45,0.4878048780487805,0.5405405405405406,0.5128205128205128,0.856078942468814,0.5148254708761707
top30_full_plus_fe,5,LightGBM,smote,0.5,0.43902439024390244,0.5454545454545454,0.4864864864864865,0.856078942468814,0.5148254708761707
